isBankrupt,RnD
1,0
1,0
1,25500000
1,0
1,0
1,0
0,730000000
0,50900000
0,0
0,0
0,1900000000
0,1210000000
0,0
0,917000000
0,0
0,79800000
0,849000000
0,0
0,119000000
0,0
0,1040000000
0,1190000000
0,0
0,0
0,0
0,1240000000
0,900000000
0,1440000000
0,577000000
1,50900000
1,0
0,1120000000
0,67900000
0,0
0,0
0,1380000000
0,1090000000
0,0
0,849000000
0,0
0,1040000000
0,968000000
0,0
0,119000000
0,0
0,1100000000
0,107000000
0,0
0,0
0,815000000
0,165000000
0,866000000
0,1770000000
0,475000000
1,0
1,136000000
1,115000000
1,0
0,1240000000
0,67900000
0,0
0,0
0,1430000000
0,679000000
0,0
0,764000000
0,0
0,1170000000
0,1170000000
0,79800000
0,84900000
0,0
0,1580000000
0,985000000
0,0
0,0
0,0
0,2950000000
0,713000000
0,1410000000
0,560000000
1,0
0,1290000000
0,102000000
0,0
0,0
0,1410000000
0,900000000
0,0
0,52600000
0,0
0,985000000
0,1850000000
0,1410000000
0,50900000
0,866000000
0,1820000000
0,781000000
0,0
0,441000000
0,0
0,3310000000
0,645000000
0,2280000000
0,900000000
1,2750000000
1,407000000
0,679000000
0,0
0,0
0,0
0,2390000000
0,0
0,0
0,441000000
0,985000000
0,492000000
0,0
0,0
0,53500000
0,3770000000
0,0
0,4820000000
0,0
0,0
0,1140000000
0,3630000000
0,985000000
0,0
0,2280000000
0,2850000000
0,1240000000
1,3920000000
0,985000000
0,0
0,1320000000
0,0
0,0
0,492000000
0,0
0,170000000
0,781000000
0,543000000
0,0
0,0
0,6940000000
0,362000000
0,0
0,7730000000
0,0
0,1270000000
0,645000000
0,2900000000
0,815000000
0,27200000
0,2170000000
0,2120000000
0,1710000000
1,340000000
0,441000000
0,0
0,764000000
0,0
0,0
0,357000000
0,0
0,67900000
0,441000000
0,357000000
0,0
0,0
0,7450000000
0,4180000000
0,0
0,7760000000
0,0
0,1750000000
0,0
0,1210000000
0,696000000
0,115000000
0,1870000000
0,3770000000
0,1000000000
1,815000000
1,543000000
1,0
0,0
0,79800000
0,2600000000
0,0
0,0
0,458000000
0,119000000
0,289000000
0,0
0,34000000
0,0
0,0
0,747000000
0,0
0,475000000
0,900000000
0,560000000
0,0
0,0
0,0
0,0
0,323000000
0,2480000000
0,4330000000
0,713000000
0,900000000
0,5310000000
0,0
0,0
0,0
0,1320000000
0,306000000
0,2290000000
0,747000000
0,0
0,424000000
0,645000000
0,0
0,0
0,0
0,0
0,221000000
0,1120000000
1,357000000
1,0
1,0
1,0
1,3360000000
1,1410000000
1,102000000
0,0
0,730000000
0,3040000000
0,0
0,0
0,0
0,0
0,17000000
0,238000000
0,0
0,34000000
0,0
0,1660000000
0,0
0,917000000
0,323000000
0,357000000
0,747000000
0,509000000
0,0
0,0
0,0
0,0
0,340000000
0,0
0,2670000000
0,3970000000
0,2770000000
0,747000000
0,1120000000
0,7620000000
0,0
0,0
0,0
0,1410000000
0,374000000
0,4890000000
0,968000000
0,0
0,391000000
0,628000000
0,0
0,306000000
0,0
0,340000000
0,84900000
0,985000000
1,84900000
0,0
0,866000000
0,2090000000
0,0
0,0
0,0
0,0
0,0
0,492000000
0,0
0,34000000
0,0
0,1380000000
0,0
0,214000000
0,0
0,441000000
0,115000000
0,696000000
0,0
0,119000000
0,0
0,357000000
0,136000000
0,0
0,419000000
0,4620000000
0,2510000000
0,968000000
0,1730000000
0,7790000000
0,0
0,0
0,0
0,1770000000
0,25500000
0,3240000000
0,1380000000
0,0
0,374000000
0,730000000
0,0
0,170000000
0,0
0,306000000
0,3070000000
0,2190000000
0,0
0,747000000
0,1870000000
0,0
0,0
0,0
0,0
0,0
0,968000000
0,0
0,0
0,0
0,1310000000
0,0
0,1190000000
0,543000000
0,289000000
0,985000000
0,747000000
0,458000000
0,0
0,1190000000
0,289000000
0,119000000
0,0
0,3920000000
0,4600000000
0,2900000000
0,1360000000
0,577000000
0,7420000000
0,0
0,0
0,0
0,165000000
0,424000000
0,3680000000
0,1290000000
0,0
0,475000000
0,577000000
0,0
0,170000000
0,0
0,306000000
0,5570000000
0,1880000000
1,0
0,205000000
0,679000000
0,2440000000
0,0
0,0
0,0
0,2310000000
0,0
0,221000000
0,0
0,0
0,0
0,475000000
0,0
0,1040000000
0,52600000
0,289000000
0,696000000
0,1050000000
0,374000000
0,0
0,107000000
0,407000000
0,67900000
0,0
0,3910000000
0,5310000000
0,3260000000
0,1190000000
0,1880000000
0,8930000000
0,0
0,0
0,0
0,1610000000
0,407000000
0,4570000000
0,1020000000
0,0
0,492000000
0,340000000
0,0
0,119000000
0,0
0,289000000
0,896000000
0,645000000
1,0
0,1970000000
0,883000000
0,2920000000
0,0
0,0
0,0
0,3890000000
0,0
0,0
0,0
0,0
0,0
0,475000000
0,0
0,1210000000
0,52600000
0,509000000
0,628000000
0,696000000
0,391000000
0,0
0,1170000000
0,509000000
0,84900000
0,0
0,5870000000
0,5040000000
0,4160000000
0,951000000
0,1170000000
0,6740000000
0,0
0,0
0,0
0,1820000000
0,849000000
0,5620000000
0,1020000000
0,0
0,424000000
0,441000000
0,0
0,102000000
0,0
0,238000000
0,9190000000
0,119000000
0,866000000
1,0
0,1770000000
0,628000000
0,1870000000
0,0
0,0
0,0
0,3480000000
0,509000000
0,0
0,0
0,0
0,0
0,883000000
0,0
0,951000000
0,424000000
0,0
0,407000000
0,645000000
0,306000000
0,0
0,543000000
0,79800000
0,0
0,0
0,700000000
0,625000000
0,6160000000
0,1040000000
0,458000000
0,6600000000
0,0
0,0
0,1340000000
0,1490000000
0,849000000
0,3230000000
0,1140000000
0,0
0,424000000
0,323000000
0,0
0,102000000
0,815000000
0,136000000
0,0.000116133
0,340000000
0,2650000000
1,0
1,34000000
1,0
0,1900000000
0,0
0,2340000000
0,0
0,0
0,0
0,3240000000
0,374000000
0,0
0,0
0,0
0,0
0,1140000000
0,0
0,1270000000
0,543000000
0,0
0,492000000
0,713000000
0,391000000
0,0
0,509000000
0,832000000
0,0
0,0
0,6620000000
0,5940000000
0,6380000000
0,1100000000
0,391000000
0,7760000000
0,0
0,0
0,1950000000
0,1700000000
0,594000000
0,3750000000
0,951000000
0,0
0,458000000
0,357000000
0,0
0,50900000
0,883000000
0,153000000
0,0.000104078
0,306000000
0,1880000000
1,2700000000
0,469000000
0,2500000000
0,3140000000
0,4410000000
0,0
0,0
0,1170000000
0,1770000000
0,1870000000
0,6620000000
0,4620000000
0,214000000
0,6620000000
0,7010000000
0,0
0,1120000000
0,4180000000
0,4910000000
0,4800000000
0,3500000000
0,9390000000
0,2680000000
0,5690000000
0,0
0,6550000000
0,222000000
0,4410000000
0,1210000000
0,2780000000
0,1220000000
0,0.000100853
0,0
0,3850000000
0,4700000000
0,6400000000
0,3160000000
0,2850000000
0,4110000000
0,3410000000
0,0
0,3020000000
0,3970000000
0,9710000000
0,0
0,6740000000
0,27200000
0,2410000000
0,0.00014262
0,1460000000
0,0
0,7640000000
0,5130000000
0,0
0,17000000
0,4210000000
0,0
0,7110000000
0,0
0,6040000000
0,7330000000
0,0
0,3070000000
0,2580000000
0,5330000000
0,7610000000
0,0
0,3970000000
0,0.000139733
1,0
0,4020000000
0,3360000000
0,2440000000
0,4750000000
0,0
0,0
0,1430000000
0,2310000000
0,1880000000
0,4500000000
0,5130000000
0,3460000000
0,6270000000
0,7270000000
0,0
0,1050000000
0,4670000000
0,6030000000
0,5600000000
0,3400000000
0,7030000000
0,2700000000
0,4570000000
0,0
0,790000000
0,2780000000
0,43600000
0,2390000000
0,2090000000
0,1530000000
0,6930000000
0,0
0,7810000000
0,0
0,3920000000
0,1820000000
0,2330000000
0,5690000000
0,4640000000
0,0
0,0
0,3400000000
0,2820000000
0,9390000000
0,0
0,6550000000
0,849000000
0,4210000000
0,0.000125811
0,2510000000
0,1100000000
0,6520000000
0,3450000000
0,0
0,0
0,0
0,5600000000
0,0
0,5860000000
0,8050000000
0,1700000000
0,3190000000
0,107000000
0,2090000000
0,9020000000
0,0
0,0.000266054
0,8050000000
0,0.000137696
1,391000000
0,4570000000
0,3480000000
0,2510000000
0,6740000000
0,441000000
0,4990000000
0,4260000000
0,3020000000
0,2990000000
0,486000000
0,3850000000
0,8050000000
0,5640000000
0,1120000000
0,849000000
0,5600000000
0,6380000000
0,6350000000
0,2040000000
0,362000000
0,3330000000
0,6040000000
0,0
0,8350000000
0,2120000000
0,4330000000
0,2970000000
0,3580000000
0,1850000000
0,5540000000
0,5500000000
0,8630000000
0,0
0,0.000124283
0,6010000000
0,2530000000
0,486000000
0,5700000000
0,5640000000
0,2780000000
0,52600000
0,3910000000
0,8270000000
0,5480000000
0,424000000
0,0
0,0
0,4180000000
0,1970000000
0,740000000
0,0
0,7610000000
0,2390000000
0,4570000000
0,0.000107644
0,3360000000
0,1430000000
0,4240000000
0,2510000000
0,3570000000
0,594000000
0,0
0,4740000000
0,3870000000
0,5380000000
0,9120000000
0,4040000000
0,3720000000
0,1390000000
0,0.000335496
0,4480000000
0,2310000000
0,5380000000
0,0
0,2280000000
0,8950000000
1,0
0,4110000000
0,329000000
0,2090000000
0,5990000000
0,543000000
0,4740000000
0,3500000000
0,7280000000
0,2560000000
0,5860000000
0,2310000000
0,8350000000
0,7420000000
0,2070000000
0,594000000
0,4940000000
0,7200000000
0,6890000000
0,2260000000
0,272000000
0,2190000000
0,7950000000
0,0
0,642000000
0,2800000000
0,3160000000
0,2040000000
0,2730000000
0,1140000000
0,312000000
0,0.000180482
0,204000000
0,0.000112398
0,526000000
0,4380000000
0,8660000000
0,4040000000
0,985000000
0,1140000000
0,2360000000
0,0.000129886
0,7950000000
0,5890000000
0,340000000
0,0
0,3330000000
0,0
0,0
0,4640000000
0,5250000000
0,6490000000
0,9080000000
0,2610000000
0,2340000000
0,0.000152977
0,3960000000
0,148000000
0,3920000000
0,2480000000
0,3280000000
0,2210000000
0,0
0,63300000
0,4920000000
0,6160000000
0,0.000103739
0,312000000
0,3360000000
0,156000000
0,0.000159768
0,6450000000
0,4020000000
0,5960000000
0,0
0,2680000000
0,0.000115624
1,4140000000
1,1490000000
0,4230000000
0,3170000000
0,1710000000
0,6280000000
0,730000000
0,4740000000
0,4480000000
0,4800000000
0,165000000
0,5980000000
0,2380000000
0,9730000000
0,5740000000
0,2020000000
0,611000000
0,6060000000
0,5140000000
0,7830000000
0,2290000000
0,2920000000
0,3580000000
0,7300000000
0,221000000
0,6280000000
0,2240000000
0,3850000000
0,1850000000
0,2970000000
0,1850000000
0,2920000000
0,0.000175898
0,238000000
0,0.000103399
0,0.000104078
0,0.00016622
0,3110000000
0,883000000
0,1100000000
0,255000000
0,3280000000
0,0.000106965
0,7790000000
0,6110000000
0,832000000
0,458000000
0,5040000000
0,509000000
0,0
0,4310000000
0,3510000000
0,6640000000
0,0.000154165
0,469000000
0,2120000000
0,0.000142789
0,4720000000
0,357000000
0,5540000000
0,2280000000
0,4500000000
0,2120000000
0,0
0,9750000000
0,4500000000
0,9340000000
0,0.000111719
0,2500000000
0,3230000000
0,1830000000
0,2900000000
0,53500000
0,2440000000
0,740000000
0,0
0,4970000000
0,0.00010272
1,9850000000
1,0.000108832
0,4330000000
0,3340000000
0,1360000000
0,4920000000
0,509000000
0,5770000000
0,4530000000
0,4130000000
0,1050000000
0,5450000000
0,1710000000
0,8320000000
0,5890000000
0,2120000000
0,79800000
0,5690000000
0,4550000000
0,905000000
0,2110000000
0,2380000000
0,1940000000
0,7080000000
0,221000000
0,6710000000
0,1140000000
0,4450000000
0,1580000000
0,2610000000
0,1430000000
0,3840000000
0,0.000186764
0,67900000
0,0.000133621
0,0.000120717
0,0.000143638
0,2340000000
0,815000000
0,2600000000
0,2610000000
0,2430000000
0,3940000000
0,642000000
0,8570000000
0,323000000
0,79800000
0,3500000000
0,492000000
0,0
0,4350000000
0,3720000000
0,6150000000
0,0.000169955
0,2990000000
0,1970000000
0,0.000100853
0,3160000000
0,323000000
0,7880000000
0,2500000000
0,4550000000
0,1460000000
0,0
0,7790000000
0,2800000000
0,9800000000
0,0.000107814
0,2730000000
0,2950000000
0,148000000
0,2670000000
0,0.000112228
0,2090000000
0,8200000000
0,0
0,7300000000
0,0.000111889
1,3770000000
1,2000000000
0,4520000000
0,4260000000
0,1210000000
0,4500000000
0,424000000
0,5620000000
0,4750000000
0,5450000000
0,2480000000
0,4450000000
0,1380000000
0,798000000
0,5500000000
0,2210000000
0,781000000
0,4230000000
0,4110000000
0,9580000000
0,2160000000
0,2870000000
0,2000000000
0,8460000000
0,119000000
0,8030000000
0,679000000
0,5600000000
0,2390000000
0,2600000000
0,1820000000
0,4580000000
0,7960000000
0,119000000
0,0.000100173
0,0.000206289
0,2920000000
0,866000000
0,3010000000
0,272000000
0,1900000000
0,0
0,798000000
0,2700000000
0,5720000000
0,5010000000
0,84900000
0,115000000
0,5470000000
0,340000000
0,492000000
0,0
0,1750000000
0,3310000000
0,5090000000
0,0.000178275
0,4310000000
0,1750000000
0,6500000000
0,3010000000
0,187000000
0,0.000108493
0,2670000000
0,4570000000
0,2040000000
0,0
0,7570000000
0,3530000000
0,9120000000
0,0.000116643
0,2920000000
0,3750000000
0,1750000000
0,0.000150769
0,1710000000
0,0.000128018
0,0
0,5820000000
0,0.000108493
1,0
0,0
0,3580000000
0,696000000
0,0
0,696000000
0,1580000000
0,1310000000
0,1770000000
0,221000000
0,1430000000
0,1120000000
0,0
0,492000000
1,204000000
0,0
0,272000000
0,1510000000
0,0
0,391000000
0,1830000000
0,1140000000
0,1530000000
0,52600000
0,1120000000
0,1120000000
0,0
0,0
1,156000000
0,0
0,3480000000
0,50900000
0,136000000
0,424000000
0,1900000000
0,357000000
0,1680000000
0,25500000
0,509000000
0,25500000
0,0
0,0
0,0
1,577000000
0,0
0,4380000000
0,67900000
0,594000000
0,441000000
0,1580000000
0,187000000
0,1780000000
0,153000000
0,27200000
0,204000000
0,1990000000
0,0
0,0
0,0
0,1430000000
0,2190000000
0,4430000000
1,2650000000
0,0
0,2410000000
0,2020000000
0,526000000
1,0
0,475000000
0,560000000
0,2260000000
0,3970000000
1,0
1,0
1,0
1,0
0,0
0,1600000000
0,0
0,0
0,0
0,662000000
0,17000000
0,747000000
0,102000000
0,0
0,34000000
0,577000000
0,0
0,0
0,391000000
0,306000000
0,0
0,0
0,0
0,0
0,1430000000
0,3800000000
0,0
0,204000000
0,0
0,170000000
0,0
0,866000000
0,0
0,0
1,0
1,0
1,0
1,0
1,0
1,323000000
0,0
0,1440000000
0,0
0,0
0,0
0,0
0,0
0,696000000
0,84900000
0,0
0,34000000
0,0
0,115000000
0,0
0,0
0,407000000
0,645000000
0,0
0,0
0,0
0,0
0,1050000000
0,3330000000
0,0
0,187000000
0,1190000000
0,662000000
0,0
0,0
0,0
0,0
1,153000000
0,0
0,1700000000
0,0
0,0
0,0
0,0
0,0
0,645000000
0,50900000
0,0
0,0
0,0
0,1050000000
0,0
0,0
0,391000000
0,148000000
0,0
0,0
0,0
0,0
0,832000000
0,205000000
0,0
0,374000000
0,3340000000
0,611000000
0,0
0,0
0,0
0,0
1,7230000000
0,0
0,1270000000
0,0
0,0
0,0
0,0
0,0
0,340000000
0,0
0,0
0,0
0,0
0,1050000000
0,0
0,0
0,323000000
0,323000000
0,0
0,0
0,0
0,0
0,52600000
0,2310000000
0,424000000
0,289000000
0,2700000000
0,52600000
0,815000000
0,832000000
0,0
0,0
1,0
0,0
0,107000000
0,0
0,0
0,0
0,0
0,0
0,221000000
0,0
0,0
0,136000000
0,0
0,1020000000
0,0
0,0
0,153000000
0,781000000
0,0
0,0
0,0
0,0
0,1440000000
0,645000000
0,1820000000
0,170000000
0,102000000
0,3500000000
0,458000000
0,1260000000
0,115000000
0,0
0,0
1,0
0,0
0,357000000
0,0
0,4450000000
0,205000000
0,7050000000
0,3800000000
0,3530000000
0,2670000000
0,6640000000
0,7860000000
0,2800000000
0,0
1,272000000
1,1900000000
0,2950000000
0,3460000000
0,2560000000
0,1580000000
0,5380000000
0,8510000000
0,1050000000
0,3920000000
0,165000000
0,5640000000
0,0
0,6160000000
0,0
0,0.000756224
0,50900000
0,63300000
0,6350000000
0,0
0,0.010229908
0,0.000131244
0,2600000000
0,0.000322762
0,0
0,0.000136847
0,3820000000
0,2610000000
0,1660000000
0,3310000000
0,594000000
0,0.000184217
0,0.000133282
0,0
0,6030000000
0,0.000158919
0,0
0,713000000
0,1170000000
0,3070000000
0,492000000
0,0
0,0
0,4620000000
0,0
0,0.000114605
0,205000000
0,0
0,50900000
0,0.000328195
0,3850000000
0,7520000000
0,1310000000
0,645000000
0,0.000172672
0,3260000000
0,0
0,4840000000
0,0
0,0
0,0.000214948
0,0.001710927
0,0.000137526
0,2440000000
0,0.000226154
0,7130000000
0,0
0,0.000116812
0,312000000
0,0.011143523
0,0.000125132
0,0
0,1050000000
0,0.000204082
0,3090000000
0,7250000000
0,0.000271996
0,9980000000
0,1880000000
0,0.000431764
0,0
0,4350000000
0,0.00695373
1,0.000210534
1,0
1,0.001444704
1,469000000
1,3240000000
1,1410000000
1,7660000000
0,4380000000
0,3720000000
0,312000000
0,477000000
0,8830000000
0,1190000000
0,4520000000
0,1260000000
0,4580000000
0,0
0,683000000
0,0
0,0.000676255
0,1530000000
0,2170000000
0,3670000000
0,0
0,0.000813442
0,6110000000
0,1360000000
0,0.000158749
0,357000000
0,0
0,407000000
0,0.000137187
0,0.000103399
0,2970000000
0,1950000000
0,3160000000
0,1140000000
0,0.00016622
0,0.000123264
0,0
0,5670000000
0,0.000135149
0,1410000000
0,815000000
0,0
0,3010000000
0,3500000000
0,0
0,0
0,4600000000
0,0
0,0.000410711
0,53500000
0,2460000000
0,0
0,2260000000
0,0.00028507
0,1830000000
0,0.000124113
0,52600000
0,560000000
0,0.000190669
0,1320000000
0,3360000000
0,2160000000
0,0
0,0.00014992
0,0.000161126
0,0.000543823
0,0.000118001
0,1940000000
0,0.000196272
0,4430000000
0,0
0,0.000130735
0,3750000000
0,0.000206968
0,0.000263337
0,0.000109512
0,0.003882822
0,645000000
0,5960000000
0,0
0,700000000
0,0.000206799
0,5090000000
0,379000000
0,0.000228701
0,0
0,170000000
0,2820000000
0,0.001602095
0,0
1,6860000000
1,6760000000
0,4470000000
0,3460000000
0,3920000000
0,8320000000
0,3970000000
0,4520000000
0,1680000000
0,5090000000
0,0
0,0.000130735
0,0
0,0.000722607
0,3040000000
0,3740000000
0,0.00103654
0,4300000000
0,0
0,2750000000
0,0.000464872
0,8420000000
0,1600000000
0,0.000291182
0,594000000
0,0
0,5140000000
0,1610000000
0,1340000000
0,0.000140413
0,0
0,0.004128671
0,1100000000
0,0.000152977
0,0.000103399
0,0
0,0
0,0.000216816
0,0
0,0
0,0.001654049
0,3010000000
0,4110000000
0,0.001001903
0,0.005117671
0,0.000129886
0,3380000000
0,3970000000
0,0.000204931
0,0
0,0.000242284
0,0.000145336
0,2890000000
0,764000000
0,1410000000
0,3530000000
0,6860000000
0,0
0,0
0,1630000000
0,0
0,0.000184557
0,7880000000
0,2190000000
0,0
0,815000000
0,0.00022921
0,3260000000
0,7100000000
0,849000000
0,115000000
0,0.000126999
0,255000000
0,1000000000
0,8370000000
0,0
0,0.000230399
0,0.000145336
0,0.000365887
0,0.000195763
0,156000000
0,0.000185406
0,6200000000
0,0
0,0.000176916
0,2750000000
0,0.000137017
0,0.000638733
0,0.000336515
0,0.006019231
0,0.004481655
0,1680000000
0,5600000000
0,0
0,4060000000
0,3910000000
0,0.000161296
0,9930000000
0,0.000270808
0,0
0,357000000
0,3020000000
0,0.000953515
0,0
1,1290000000
1,1240000000
1,458000000
0,4750000000
0,3770000000
0,8680000000
0,2600000000
0,4260000000
0,1870000000
0,5870000000
0,0
0,0.000125132
0,0
0,0.00075928
0,5670000000
0,2120000000
0,5590000000
0,6370000000
0,0
0,3060000000
0,0.001025164
0,4470000000
0,424000000
0,0.000634658
0,0
0,0
0,9030000000
0,2110000000
0,1750000000
0,0.000325818
0,156000000
0,0.000301199
0,815000000
0,0.000131414
0,0.0001107
0,3650000000
0,323000000
0,0
0,0.000147713
0,0
0,3530000000
0,0.000338212
0,1700000000
0,2330000000
0,0.000144657
0,2500000000
0,0.002939494
0,3410000000
0,0.008128814
0,0.001071006
0,0.001615168
0,6270000000
0,0.000381508
0,0
0,0.000671671
0,0
0,0.000156203
0,8690000000
0,2530000000
0,4430000000
0,0.000144148
0,0.000220381
0,0.000122585
0,2940000000
0,374000000
0,2700000000
0,4750000000
0,6110000000
0,0
0,0
0,7330000000
0,0
0,0.000227003
0,0.000214948
0,2000000000
0,0
0,5380000000
0,0.000146864
0,2440000000
0,0.000102381
0,148000000
0,170000000
0,0.000200686
0,0.000203573
0,849000000
0,8680000000
0,1340000000
0,0.000226154
0,0.000106286
0,0.00019814
0,8050000000
0,148000000
0,0.000145166
0,5520000000
0,0
0,5310000000
0,3740000000
0,5570000000
0,0.000302727
0,0.00049866
0,0.003680777
0,0.000371321
0,1880000000
0,5400000000
0,0
0,2770000000
0,6450000000
0,0.000366736
0,2330000000
0,0.000493566
0,0
0,1550000000
1,1490000000
1,0.002546271
1,2840000000
1,5860000000
1,0
1,1830000000
1,0.000302558
1,4790000000
1,883000000
1,1140000000
0,3670000000
0,4040000000
0,9030000000
0,0
0,1920000000
0,4820000000
0,0
0,0.000101022
0,0
0,0.000918709
0,0
0,3500000000
0,486000000
0,6270000000
0,0
0,4450000000
0,0.000595437
0,4410000000
0,1600000000
0,0.000209685
0,662000000
0,0
0,0.000135319
0,6370000000
0,2610000000
0,0.000342457
0,5250000000
0,0.000155693
0,866000000
0,0.00011036
0,6790000000
0,477000000
0,204000000
0,0
0,0.000315122
0,8640000000
0,0
0,263000000
0,0.000193386
0,1270000000
0,1870000000
0,0.000261639
0,263000000
0,9590000000
0,4130000000
0,0.000845531
0,0.000575063
0,0.001507524
0,9980000000
0,0.000335666
0,102000000
0,6300000000
0,0
0,0.000172842
0,6880000000
0,0.000127169
0,0.000150769
0,0.000115114
0,2940000000
0,1190000000
0,2940000000
0,3670000000
0,7270000000
0,0
0,0
0,9270000000
0,0
0,0.000307312
0,0.000220551
0,2460000000
0,5650000000
0,0.000129716
0,2780000000
0,0.000108153
0,5550000000
0,0.000168767
0,0.00017369
0,0.000127679
0,1490000000
0,7350000000
0,0.000249584
0,0.000165541
0,1510000000
0,0.000206459
0,4020000000
0,9020000000
0,7520000000
0,0.000541276
0,0.000392883
0,0.000219023
0,53500000
0,3430000000
0,0
0,2020000000
0,5790000000
0,0.000480323
0,2310000000
0,0.000374716
0,1290000000
0,1730000000
1,0.00026894
1,5690000000
1,3740000000
1,713000000
1,6880000000
1,3960000000
1,1550000000
1,1410000000
1,5010000000
1,6600000000
1,968000000
1,6660000000
1,4350000000
0,3770000000
0,4720000000
0,5310000000
0,0
0,1940000000
0,6430000000
0,0
0,0.000101701
0,0
0,0.000916671
0,4890000000
0,3410000000
0,8080000000
0,9270000000
0,2330000000
0,0.000102211
0,0
0,0
0,1580000000
0,4140000000
0,1920000000
0,0.000164862
0,475000000
0,0.000101871
0,584000000
0,4480000000
0,0.000264016
0,3890000000
0,0
0,0.00015807
0,2280000000
0,165000000
0,0.000233455
0,263000000
0,4920000000
0,0.000326158
0,6030000000
0,0.000784408
0,0.000322083
0,6350000000
0,5420000000
0,0.000479304
0,9390000000
0,5740000000
0,0.00013464
0,0.000127848
0,0.000119529
0,662000000
0,2900000000
0,0.000103909
0,0.000178444
0,1900000000
0,0.000184557
0,3360000000
0,5160000000
0,0.000241774
0,0.000224117
0,1940000000
0,0.000250264
0,0.000167069
0,1510000000
0,0.000106965
0,3890000000
0,0.000524807
0,0.000218174
0,0.002310949
0,3890000000
0,2870000000
0,0
0,1600000000
0,9780000000
0,312000000
0,0.000464363
0,0
0,2340000000
1,691000000
1,0
1,2360000000
1,1360000000
1,6960000000
1,5500000000
1,1460000000
0,3550000000
0,5640000000
0,4800000000
0,0
0,0
0,0.000775919
0,4210000000
0,4090000000
0,0
0,2290000000
0,4940000000
0,0.000250943
0,374000000
0,9980000000
0,0.000132942
0,0
0,0.000128867
0,52600000
0,0.000861151
0,486000000
0,0.000790351
0,0.000106116
0,7060000000
0,3500000000
0,0.000129886
0,662000000
0,5010000000
0,0.000193046
0,1290000000
0,8420000000
0,0.000372
0,6160000000
0,1870000000
0,0.000288126
0,1440000000
0,7960000000
0,0.000823459
0,0.000104588
0,5570000000
0,2680000000
0,0
0,115000000
0,8350000000
0,0
0,2120000000
1,8930000000
1,0.000315631
1,6940000000
1,3530000000
1,0.000449931
0,2950000000
0,0
0,2440000000
0,6720000000
0,0.000168088
0,4580000000
0,1290000000
0,1610000000
0,0.000346532
0,2090000000
0,1510000000
0,7840000000
0,0.000658597
0,4430000000
0,458000000
0,5160000000
0,1940000000
1,0
1,4650000000
1,79800000
1,3750000000
1,1680000000
1,204000000
0,2120000000
0,0
0,3630000000
0,5210000000
0,1530000000
0,6490000000
0,0.000483888
0,798000000
0,0.000467759
0,4070000000
0,323000000
0,5980000000
0,255000000
1,0
1,0
1,0
1,0
1,0
1,0
0,0
0,0
0,0
0,0
0,0
0,221000000
0,0
0,0
0,0
0,0
0,0
0,67900000
0,0
0,0
0,0
0,0
0,0
0,0
0,0
0,0
0,0
0,0
0,0.000292201
0,0
0,0
0,0
0,0
0,0
0,0
0,0
0,0
0,0
0,0
0,0
0,0
0,0
0,0
0,0
0,0
0,0
0,849000000
0,5640000000
0,0.000115284
0,0
0,0
0,0
1,0
1,0
1,0
1,0
1,0
1,0
1,0
1,306000000
0,0
0,0
0,0
0,0
0,0
0,221000000
0,0
0,0
0,0
0,0
0,0
0,102000000
0,0
0,0
0,0
0,0
0,0
0,50900000
0,0
0,0
0,0
0,0
0,0.000132093
0,0
0,0
0,0
0,0
0,0
0,0
0,0
0,0
0,0
0,0
0,0
0,0
0,0
0,0
0,0
0,0
0,0
0,1800000000
0,2950000000
0,0.000168597
0,0
0,0
0,0
1,0
1,0
1,0
0,0
0,0
0,0
0,0
0,0
0,25500000
0,0
0,0
0,0
0,0
0,0
0,119000000
0,0
0,0
0,0
0,0
0,0
0,67900000
0,0
0,0
0,0
0,0
0,0.000247377
0,0
0,1020000000
0,0
0,0
0,0
0,0
0,0
0,0
0,0
0,0
0,0
0,0
0,0
0,0
0,0
0,0
0,0
0,0
0,1580000000
0,4580000000
0,0.000286258
0,0
0,0
0,0
1,0
1,0.001159295
0,0
0,119000000
0,0
0,0
0,0
0,170000000
0,0
0,0
0,0
0,0
0,0
0,0
0,0
0,0
0,0
0,0
0,0
0,102000000
0,0
0,560000000
0,0
0,0
0,0.000330402
0,0
0,0
0,0
0,0
0,0
0,0
0,0
0,0
0,0
0,0
0,0
0,0
0,0
0,1390000000
0,0
0,0
0,0
0,0
0,2360000000
0,4060000000
0,4890000000
0,0
0,0
1,9390000000
1,0
0,0
0,0
0,0
0,0
0,0
0,187000000
0,0
0,0
0,0
0,0
0,0
0,0
0,0
0,0
0,0
0,0
0,0
0,0
0,0
0,0
0,187000000
0,0
0,0
0,0.000325139
0,0
0,0
0,0
0,119000000
0,0
0,0
0,0
0,0
0,0
0,0
0,0
0,0
0,0
0,0
0,0
0,0
0,0
0,3280000000
0,4550000000
0,5210000000
0,0
0,0
1,4310000000
1,0
1,0
0,0
0,0
0,84900000
0,0
0,0
0,153000000
0,0
0,0
0,0
0,0
0,0
0,0
0,0
0,0
0,0
0,0
0,0
0,17000000
0,0
0,0
0,0
0,0
0,424000000
0,0
0,0.000587118
0,0
0,0
0,0
0,119000000
0,0
0,0
0,0
0,0
0,0
0,0
0,0
0,0
0,0
0,0
0,0
0,0
0,0
0,3340000000
0,0.000119868
0,0.000122076
0,0
0,0
1,0
1,0
0,0
0,0
0,84900000
0,0
0,0
0,170000000
0,0
0,0
0,0
0,0
0,0
0,0
0,0
0,0
0,0
0,0
0,0
0,0
0,0
0,0
0,0
0,0
0,832000000
0,0
0,0.000500188
0,0
0,0
0,0
0,170000000
0,0
0,0
0,0
0,0
0,0
0,0
0,0
0,0
0,0
0,0
0,0
0,0
0,0
0,0
0,0.000143299
0,0.000238718
0,0
0,0
1,0
0,0
0,0
0,67900000
0,0
0,0
0,187000000
0,0
0,0
0,0
0,0
0,0
0,0
0,0
0,0
0,0
0,0
0,0
0,0
0,0
0,0
0,0
0,0
0,441000000
0,0
0,0.000550954
0,0
0,0
0,0
0,238000000
0,0
0,0
0,0
0,0
0,0
0,0
0,0
0,0
0,0
0,0
0,0
0,0
0,0
0,0.000290163
0,0.000394242
0,0
0,0
0,0
1,0
1,0
0,0
0,0
0,0
0,0
0,0
0,0
0,323000000
0,0
0,0
0,0
0,0
0,0
0,0
0,0
0,0
0,0
0,0
0,0
0,0
0,0
0,0
0,0
0,0
0,0
0,0
0,0
0,0
0,0
1,0
0,0
0,0
0,0
0,0
0,0
0,34000000
0,0
0,0
0,0
0,0
0,0
0,0
0,0
0,0
0,0
0,0
0,0
0,1020000000
0,0
0,0
0,0
0,0
0,0
0,0
0,0
1,0
0,0
0,0
0,0
0,0
0,0
0,0
0,0
0,0
0,0
0,0
0,0
0,0
0,0
0,0
0,0
0,0
0,0
0,0
0,0
0,0
0,0
0,0
0,0
0,0
0,0
0,0
1,0
0,0
0,0
0,0
0,0
0,0
0,0
0,0
0,0
0,0
0,0
0,0
0,0
1,4230000000
1,1530000000
0,0
0,0
0,0
0,34000000
0,0
0,0
0,0
0,0
0,0
0,0
0,0
0,0
0,0
0,0
0,0
0,0.000111889
0,3960000000
0,0
1,0
0,0
0,0
0,0
0,50900000
0,0
0,0
0,0
0,0
0,0
0,0
0,0
0,0
0,0
0,0
0,0
0,9220000000
0,1100000000
0,0
0,0
1,0
1,0
0,0
0,3530000000
0,7780000000
0,0
0,0
0,2670000000
0,0
0,0
0,0.000135149
0,170000000
0,8460000000
0,0
0,0
0,0
0,0
0,0
0,0
0,1430000000
0,0
0,7330000000
0,0.000101192
0,1320000000
0,0
0,0
0,2950000000
0,6470000000
0,0
0,0
0,625000000
0,0
0,0
0,0.000100683
0,3650000000
0,0
0,1140000000
0,917000000
0,4670000000
0,4260000000
0,3040000000
0,0
0,0
0,0
0,0
0,0
0,79800000
0,2170000000
0,79800000
0,3570000000
0,107000000
0,0
0,0
0,2480000000
0,0
0,1340000000
0,0
0,0
0,0
0,7610000000
0,560000000
0,1140000000
0,289000000
0,0
1,781000000
0,0
0,3580000000
0,5080000000
0,0
0,0
0,0
0,0
0,0
0,0.000394242
0,0
0,8510000000
0,0
0,0
0,50900000
0,0
0,0
0,0
0,0
0,815000000
0,0
0,0.000125641
0,0.000107814
0,951000000
0,1410000000
0,1730000000
0,3170000000
0,4380000000
0,156000000
0,0
0,6230000000
0,0
0,34000000
0,0.000123604
0,4380000000
0,0
0,1490000000
0,781000000
0,4910000000
0,4070000000
0,3110000000
0,238000000
0,0
0,0
0,0
0,0
0,1140000000
0,4620000000
0,374000000
0,6720000000
0,1340000000
0,0
0,0
0,3060000000
0,0
0,1550000000
0,0
0,0
0,0
0,8860000000
0,4130000000
0,0
0,34000000
0,0
1,0
0,7780000000
0,3670000000
0,4600000000
0,0
0,0
0,0
0,0
0,0
0,0
0,0.000267242
0,0
0,7100000000
0,0
0,0
0,0
0,0
0,0
0,0
0,0
0,1190000000
0,0
0,6370000000
0,0.000109512
0,1490000000
0,4700000000
0,2480000000
0,5080000000
0,4840000000
0,1490000000
0,0
0,0
0,7030000000
0,0
0,34000000
0,0.000124113
0,6230000000
0,0
0,934000000
0,883000000
0,4990000000
0,3870000000
0,2310000000
0,25500000
0,0
0,0
0,0
0,0
0,866000000
0,4480000000
0,221000000
0,5400000000
0,1360000000
0,0
0,0
0,3570000000
0,0
0,2000000000
0,0
0,0
0,0
0,8010000000
0,5420000000
0,0
0,0
0,0
0,0
1,0
0,2170000000
0,3400000000
0,749000000
0,0
0,0
0,0
0,0
0,0
0,0
0,8930000000
0,645000000
0,8030000000
0,0
0,0
0,0
0,0
0,0
0,0
0,0
0,951000000
0,0
0,4350000000
0,749000000
0,165000000
0,9030000000
0,1780000000
0,2330000000
0,576000000
0,3240000000
0,0
0,0
0,896000000
0,0
0,0
0,0.00012632
0,5820000000
0,0
0,1410000000
0,1000000000
0,5130000000
0,4240000000
0,2650000000
0,0
0,0
0,0
0,0
0,628000000
0,764000000
0,3090000000
0,475000000
0,3160000000
0,1270000000
0,0
0,0
0,3070000000
0,0
0,205000000
0,0
0,0
0,2950000000
0,5640000000
0,5080000000
0,0
0,1120000000
0,0
0,0
1,0
1,306000000
0,2070000000
0,3680000000
0,7130000000
0,0
0,560000000
0,374000000
0,0
0,0
0,0
0,5130000000
0,1550000000
0,6640000000
0,0
0,0
0,0
0,0
0,0
0,0
0,0
0,0
0,662000000
0,0
0,4010000000
0,8420000000
0,1530000000
0,4670000000
0,2330000000
0,3500000000
0,4580000000
0,951000000
0,0
0,0
0,0.000135659
0,0
0,0
0,0.000118171
0,419000000
0,0
0,1320000000
0,934000000
0,3330000000
0,4480000000
0,2990000000
0,0
0,0
0,0
0,0
0,407000000
0,628000000
0,3360000000
0,441000000
0,3430000000
0,1240000000
0,0
0,0
0,3450000000
0,0
0,222000000
0,0
0,0
0,2260000000
0,3920000000
0,428000000
0,0
0,883000000
0,0
0,0
1,0
1,1000000000
1,1360000000
0,0
0,486000000
0,7520000000
0,492000000
0,4450000000
0,0
0,374000000
0,815000000
0,0
0,0
0,0
0,0.000143638
0,0
0,5570000000
0,0
0,0
0,0
0,0
0,0
0,52600000
0,0
0,0
0,679000000
0,0
0,2580000000
0,0.000118001
0,1970000000
0,5300000000
0,1700000000
0,1950000000
0,4890000000
0,238000000
0,0
0,0
0,8120000000
0,0
0,0
0,0.000128528
0,4070000000
0,0
0,1240000000
0,1220000000
0,263000000
0,3360000000
0,2820000000
0,0
0,0
0,0
0,0
0,323000000
0,458000000
0,1850000000
0,577000000
0,2070000000
0,1020000000
0,0
0,0
0,2750000000
0,0
0,1360000000
0,0
0,0
0,4920000000
0,0
0,543000000
0,0
1,0
0,628000000
0,0
0,0
0,1050000000
0,8270000000
0,3480000000
0,0
0,0
0,4960000000
0,3040000000
0,713000000
0,0
0,0
0,0
0,1830000000
0,2840000000
0,1730000000
0,0
0,2820000000
0,3990000000
0,0.000113926
0,4940000000
0,1530000000
0,0
0,9300000000
0,5200000000
0,1410000000
0,486000000
0,0
0,662000000
0,3740000000
0,6770000000
0,6760000000
0,1680000000
0,2850000000
0,0
0,4570000000
0,740000000
0,9580000000
1,0.003888594
0,107000000
0,0
0,0
0,1140000000
0,7250000000
0,1700000000
0,883000000
0,0
0,5620000000
0,2500000000
0,0
0,1390000000
0,1220000000
0,0
0,2260000000
0,1490000000
0,272000000
0,3460000000
0,2650000000
0,3840000000
0,3550000000
0,0.000179293
0,340000000
0,6030000000
0,8130000000
0,747000000
0,6110000000
0,1730000000
0,1310000000
0,577000000
0,6490000000
0,0
0,543000000
0,3160000000
0,888000000
0,4720000000
0,0
0,272000000
0,0
0,222000000
0,6320000000
0,7250000000
1,8200000000
0,3670000000
0,7130000000
0,5370000000
0,0.000123604
0,9860000000
0,683000000
0,0
0,0.000167239
0,0.00013481
0,6430000000
0,7280000000
0,0.000144148
0,0.000241774
0,0.00016622
0,2340000000
0,0.000314443
0,0.000269959
0,0
0,0.001378997
0,0.000122245
0,0.000303406
0,6690000000
0,0
0,5690000000
0,0.000217155
0,0.0013211
0,0.003527461
0,0.003309456
0,0
0,0.000149411
0,4820000000
0,0
0,0.000233115
0,6600000000
0,8180000000
0,0.002243544
0,1850000000
0,2360000000
0,0.00015824
0,3410000000
0,0.000361473
0,6890000000
0,148000000
0,7280000000
0,8540000000
0,9610000000
0,0.000178275
0,2340000000
0,0
0,0.002993656
0,0.000108153
0,0.000229889
0,0.003496051
0,0
1,486000000
0,2040000000
0,954000000
0,6040000000
0,0.000130056
0,0.000111719
0,4480000000
0,0
0,7780000000
0,0.000133961
0,0.000129037
0,9440000000
0,0.000233964
0,0.000187952
0,0.000164352
0,7160000000
0,0.000139224
0,0
0,0.00025349
0,856000000
0,2820000000
0,2290000000
0,0.000264865
0,0.000240246
0,0.005592221
0,357000000
0,0.000135659
0,2260000000
0,0
0,0.000209006
0,7620000000
0,7270000000
0,0.00581413
0,1550000000
0,2650000000
0,0.000128188
0,6110000000
0,0.000334477
0,5860000000
0,156000000
0,5080000000
0,8400000000
0,6860000000
0,3060000000
0,0
0,0.000323441
0,0.000151618
0,0.000132942
0,0.001482396
0,0.000545351
0,0.000257904
0,749000000
0,0
0,0
0,0.000251622
0,0.005177095
0,0
0,0.00083093
0,0.000576591
0,0.000858095
0,0.000114266
0,0.000100173
0,0.000109681
0,0.000187273
0,0.00012683
0,1290000000
0,0.001057423
0,0
0,6500000000
1,3740000000
0,0
0,2160000000
0,0.000177086
0,3820000000
0,3850000000
0,0.000123604
0,0.000401882
0,3940000000
0,0.000299501
0,3500000000
0,0.000221061
0,156000000
0,0.000182689
0,0.000168767
0,0.000207648
0,0.000125132
0,2850000000
0,3070000000
0,0.000177086
0,968000000
0,7740000000
0,2360000000
0,1380000000
0,8610000000
0,0.000203912
0,0.000353323
0,3460000000
0,9730000000
0,0.000227512
0,6450000000
0,0.000113247
0,0.000209176
0,0.0003956
0,0.000115454
0,4570000000
0,0.000103739
0,0.000318517
0,0.000956061
0,0.000402222
0,0.001702098
0,0.006342672
0,0.000340929
0,6770000000
0,0.000159938
0,0.00026096
0,0.000154165
0,0.000220042
0,0.000653164
0,0.000511903
0,0.000114945
0,50900000
0,4300000000
0,5570000000
0,3090000000
0,0.000262828
0,0.000168936
0,0.000274203
0,6660000000
0,0.000113247
0,4800000000
0,7780000000
0,0.000399675
0,0.00015043
0,0.000251792
0,0.000210364
0,0.003719318
0,0.001006488
0,4650000000
0,0.000203742
0,3650000000
0,3380000000
0,0.000133112
0,4920000000
0,6860000000
0,0
0,0.000185575
0,0.00029305
0,5250000000
0,0.000219193
0,0.000248396
0,0.000135149
0,0.00020578
0,8900000000
0,6080000000
0,0.000106116
0,0.00018184
0,9690000000
0,312000000
0,0.000494245
0,0.000250264
0,1310000000
0,0.000250943
0,917000000
0,7960000000
0,5940000000
0,0.000335156
0,0.000138375
0,0
0,0.000167578
0,0.000185066
0,0.00023753
0,0.00085453
0,0.000451969
0,8680000000
0,0.000294238
0,2360000000
0,0.005823978
0,52600000
0,0
0,52600000
0,1290000000
0,0
0,9510000000
0,0.000446705
0,0.000106625
0,6520000000
0,543000000
0,391000000
0,7300000000
1,0.000420049
0,781000000
0,2680000000
0,0.000156372
0,5060000000
0,3380000000
0,8590000000
0,0.000265884
0,4060000000
0,0.000320385
0,2680000000
0,0.000168088
0,1490000000
0,0.000253999
0,0.000214439
0,0.000222758
0,0.000178784
0,3740000000
0,3580000000
0,0.000314443
0,900000000
0,5200000000
0,2890000000
0,747000000
0,0.000227852
0,0.000302048
0,0.000231078
0,2610000000
0,6470000000
0,0.000227682
0,4840000000
0,7860000000
0,0.00025298
0,0.000233964
0,0.000262149
0,379000000
0,4840000000
0,0.000392374
0,0.000218174
0,0.000338382
0,0.000367585
0,3910000000
0,0.000282183
0,0.000177426
0,6940000000
0,0.000106116
0,0.000383206
0,0.000273694
0,238000000
0,3160000000
0,2650000000
0,1750000000
0,0.000271657
0,0.000277939
0,0.000254338
0,0.000139054
0,0.000122076
0,4700000000
0,0.000105437
0,5990000000
0,0.000239228
0,6280000000
0,0.000121227
0,0.000314952
0,486000000
0,0.000166729
0,0.000299671
0,312000000
0,0
0,0.000150769
0,0.000702232
0,428000000
0,0
0,0.000225815
0,0.000225815
0,0.000162994
0,0.000550784
0,0.000338552
0,0.000223607
0,0.000317159
0,0.000129376
0,0.000913106
0,0.000139054
0,0
0,0
0,0
0,0.00040307
0,0.000251452
0,0.000216137
0,0.024347901
0,0
0,0.000510545
0,0.001039426
0,53500000
0,0.000207308
0,4300000000
0,0
0,8250000000
0,2890000000
0,0.000180821
0,0
0,0.000543653
0,0.000290333
0,946000000
0,0.000290503
0,0.000326667
0,0.000192876
0,0.000129886
0,1970000000
0,4040000000
0,0.000612076
0,0.000182689
0,0.000291352
0,3940000000
0,0.000489831
0,0.000273524
0,713000000
0,0.000145506
0,4090000000
0,0.000125471
0,6670000000
0,0.00019797
0,0.000171653
0,0
0,9370000000
0,0.000140413
0,0.000295257
0,0.00025315
0,0.000235323
0,4480000000
0,9490000000
0,4410000000
0,896000000
0,747000000
0,0
0,0
0,645000000
0,0
0,3920000000
0,0.000239907
0,0.000199328
0,2430000000
0,441000000
0,204000000
0,764000000
1,0.000512412
0,747000000
0,3740000000
0,0.0001506
0,3750000000
0,3600000000
0,790000000
0,0.000222758
0,5080000000
0,0.000191518
0,2070000000
0,0.000244491
0,3060000000
0,0.000259772
0,0.000208157
0,0.000250943
0,0.000143129
0,2460000000
0,3580000000
0,0.000227173
0,951000000
0,3840000000
0,2600000000
0,560000000
0,0.000141431
0,0.000289654
0,0.000248226
0,2260000000
0,8460000000
0,0.000259772
0,5400000000
0,7350000000
0,0.000288465
0,0.000242114
0,0.000318857
0,3990000000
0,3460000000
0,0.000289824
0,0.000106116
0,0.000339061
0,0.000344155
0,2160000000
0,0.000320894
0,0.00015009
0,6960000000
0,9440000000
0,0.000287277
0,0.000329893
0,221000000
0,3920000000
0,205000000
0,5180000000
0,0.000455534
0,0.000258923
0,0.000262149
0,6930000000
0,0.000170295
0,4470000000
0,6150000000
0,8930000000
0,0.000175388
0,4010000000
0,0.000101192
0,0.00018965
0,107000000
0,0.000178105
0,0.0001343
0,3650000000
0,509000000
0,0.000126999
0,0.000609699
0,5210000000
0,0
0,0.000195763
0,0.000199328
0,0.000149581
0,1830000000
0,0.000273185
0,0.000163673
0,9070000000
0,0.000127339
0,0.000353323
0,0.000197121
0,25500000
0,0
0,0.000414107
0,0.00018999
0,0.000188292
0,0.000225984
0,0.00024517
0,815000000
0,0.000291861
0,0.000193386
0,0.000729398
0,5280000000
0,0.000214948
0,3580000000
0,0
0,6270000000
0,1850000000
0,0.000124962
0,2260000000
0,0.000429897
0,0.000215967
0,5940000000
0,0.000232776
0,0.00031614
0,0.000286767
0,0.000135149
0,148000000
0,370000000
0,0.000670482
0,0.000167578
0,0.000212401
0,4020000000
0,0.000479134
0,0.000268261
0,1630000000
0,0.000141771
0,6600000000
0,9800000000
0,2730000000
0,0.000272166
0,0.000129207
0,0
0,0.000136338
0,0.000165201
0,0.000176577
0,0.000242454
0,0.00027709
0,2600000000
0,9560000000
0,3920000000
0,0.000100683
0,441000000
0,866000000
0,0
0,696000000
0,0
0,3990000000
0,0.000328195
0,0.000234983
0,3460000000
0,594000000
0,187000000
0,679000000
1,0.000101532
1,107000000
1,509000000
1,0.000626678
1,0.000249415
0,815000000
0,4910000000
0,0.000150939
0,4840000000
0,3380000000
0,8610000000
0,0.00019814
0,5620000000
0,0.00020595
0,2330000000
0,0.000262488
0,2530000000
0,0.000270977
0,0.000261809
0,0.000318008
0,0.000207987
0,2460000000
0,3280000000
0,9510000000
0,1210000000
0,4410000000
0,3020000000
0,492000000
0,0.000163164
0,0.000227343
0,0.000296445
0,1990000000
0,7760000000
0,0.000163164
0,7710000000
0,7520000000
0,0.0003484
0,0.000206289
0,8010000000
0,4740000000
0,4240000000
0,0.000194065
0,905000000
0,0.000107135
0,0.000465212
0,0.000263677
0,2120000000
0,0.000258413
0,0.000204761
0,6670000000
0,9220000000
0,0.000253999
0,0.000554519
0,25500000
0,4580000000
0,2580000000
0,6840000000
0,0.000337024
0,0.000214099
0,0.000168427
0,7100000000
0,8860000000
0,370000000
0,3090000000
0,0.00014262
0,0.00012632
0,4600000000
0,9440000000
0,0.000115284
0,1800000000
0,9800000000
0,0.000196102
0,917000000
0,0.000145336
0,0.00067201
0,888000000
0,0
0,0.000222758
0,0.000194234
0,0.000138884
0,115000000
0,0.0003484
0,0.000133112
0,7730000000
0,8230000000
0,0.00041139
0,0.000238718
0,628000000
0,594000000
0,0.000480493
0,0.00017403
0,0.000178275
0,8220000000
0,9830000000
0,1340000000
0,0.000373867
0,4820000000
0,5960000000
0,0
0,0.0002686
0,5160000000
0,0.003823906
0,0.000289314
0,0.000748923
0,3970000000
0,0.000278278
0,2730000000
0,0
0,5590000000
0,1820000000
0,0.00011902
0,2380000000
0,0.000366736
0,0.000208836
0,5500000000
0,0.000197121
0,0.000281674
0,0.000285409
0,9750000000
0,1850000000
0,2440000000
0,0.000440084
0,0.00019797
0,0.000198988
0,469000000
0,0.00042718
0,0.000222928
0,2110000000
0,0.000127339
0,6520000000
0,9900000000
0,1950000000
0,0.000126999
0,0
0,0.000140073
0,0.000155014
0,0.000152297
0,0.000262828
0,0.000325309
0,2240000000
0,9100000000
0,2460000000
0,0.000114775
0,458000000
0,1320000000
0,0
0,815000000
0,0
0,5230000000
0,0.000314443
0,0.000218684
0,4570000000
0,357000000
0,136000000
0,713000000
1,3380000000
0,866000000
0,1970000000
0,0.00015043
0,6300000000
0,3890000000
0,0.000104078
0,0.000198479
0,7160000000
0,0.000175728
0,2700000000
0,0.000249075
0,2380000000
0,0.000318857
0,0.000351116
0,0.00042701
0,0.000299162
0,2800000000
0,3550000000
0,0.000104248
0,1820000000
0,6400000000
0,3720000000
0,730000000
0,0.000377603
0,0.000283881
0,0.00045842
0,222000000
0,0.000124962
0,0.000190839
0,7100000000
0,0.000185066
0,0.000439744
0,0.000241944
0,7110000000
0,4530000000
0,1880000000
0,0.000310028
0,8930000000
0,0.000165201
0,0.000526844
0,0.000527863
0,0.000212571
0,2070000000
0,0.000263507
0,0.000280485
0,8460000000
0,0.00018965
0,0.000499169
0,0.000274373
0,0.000623112
0,560000000
0,6010000000
0,1580000000
0,7910000000
0,0.000278618
0,0.000100173
0,9810000000
0,3530000000
0,7060000000
0,0.000122076
0,0.000164013
0,9690000000
0,0.000179972
0,0.000132093
0,2210000000
0,0.000130565
0,0.000177595
0,4070000000
0,0.000191009
0,0.000654353
0,0.000148732
0,0
0,0.000329893
0,0.000338212
0,0.000167748
0,1850000000
0,0.000241605
0,0.000299841
0,7640000000
0,8130000000
0,0.000714457
0,0.000467589
0,1660000000
0,1920000000
0,0.00040324
0,0.000185236
0,9030000000
0,0.000172332
0,1900000000
0,0.000294238
0,4070000000
0,9510000000
0,0.000388129
0,0
0,0.000264526
0,0.000135149
0,4650000000
0,0.002867166
0,7370000000
0,0.000328704
0,0.000147034
0,0.000260451
0,0.000309179
0,0.000386941
0,1920000000
0,0.000537371
0,0.001105642
0,3400000000
0,0.000389318
0,3260000000
0,0
0,0.000107983
0,1870000000
0,0.000131923
0,3740000000
0,0.000705119
0,0.000259432
0,6080000000
0,0.000188971
0,0.000362152
0,0.000251961
0,0.00012683
0,379000000
0,1390000000
0,0.000633469
0,0.000266903
0,0.000245
0,5870000000
0,0.000562669
0,0.000386432
0,3530000000
0,0.000227173
0,5080000000
0,0.000136168
0,1920000000
0,0.000162485
0,0
0,0.000196611
0,0.000184896
0,0.000175219
0,0.000284051
0,0.000316819
0,2510000000
0,0.000130735
0,1800000000
0,9420000000
0,1190000000
0,115000000
0,0
0,951000000
0,0
0,5500000000
0,0.000352644
0,0.000203912
0,5740000000
0,458000000
0,136000000
0,628000000
1,0.000157051
0,52600000
0,611000000
0,0.000153995
0,749000000
0,3750000000
0,0.000116982
0,0.000155523
0,8250000000
0,0.000132772
0,3340000000
0,0.000195593
0,2460000000
0,0.000291521
0,0.00046657
0,0.000314952
0,0.000137526
0,815000000
0,3550000000
0,0.000133451
0,1800000000
0,4260000000
0,764000000
0,0.000414616
0,0.000256885
0,0.000527353
0,4070000000
0,0.000136338
0,0.000285239
0,0.000102381
0,0.000201705
0,0.000393902
0,0.000168936
0,1820000000
0,3840000000
0,1120000000
0,0.000320045
0,8440000000
0,0.000203063
0,0.000462495
0,0.000469117
0,0.000221909
0,1990000000
0,0.000352814
0,0.000278278
0,9690000000
0,0.000218684
0,0.000695101
0,0.000257395
0,0.00033193
0,594000000
0,5740000000
0,1270000000
0,5770000000
0,0.0002613
0,0.000131414
0,0.00014228
0,3410000000
0,9730000000
0,0.000137696
0,0.000157221
0,0.000167408
0,0.000213081
0,0.000181501
0,321000000
0,896000000
0,0.000695611
0,148000000
0,0.000236341
0,0.000639072
0,0.000276071
0,0
0,0.000291691
0,0.000321064
0,0.00015026
0,4260000000
0,0.000400524
0,0.000354002
0,8000000000
0,9170000000
0,0.000733982
0,0.000444498
0,3260000000
0,0.000319027
0,0.000184217
0,0.000121057
0,0.000137526
0,1290000000
0,0.000230229
0,5330000000
0,0.000129546
0,2280000000
0,900000000
0,0.000187613
0,6150000000
0,3890000000
0,0.000253659
0,0.000481342
0,9860000000
0,0.0003484
0,0.000128528
0,0.000259941
0,0.000196781
0,560000000
0,0.000469966
0,1440000000
0,0.000450441
0,0.000532956
0,0.00046657
0,0.000855548
0,0.000602229
0,0.000804783
0,419000000
0,0.00072753
0,3630000000
0,0
0,0.000122585
0,1920000000
0,0.000384903
0,4570000000
0,0.000821252
0,0.000283032
0,5620000000
0,0.000175388
0,0.000426671
0,0.000297464
0,0.000159768
0,4890000000
0,1290000000
0,0.000788483
0,0.000271317
0,0.000310537
0,5590000000
0,0.000579477
0,0.000375735
0,3850000000
0,0.000220381
0,4620000000
0,0.000127848
0,2110000000
0,0.000178614
0,0
0,0.000300011
0,0.000201705
0,0.000177426
0,0.000273354
0,0.00033227
0,2290000000
0,0.000137866
0,1660000000
0,0.000121566
0,441000000
0,115000000
0,0
0,747000000
0,0
0,3040000000
0,0.00042735
0,0.000388299
0,6520000000
0,79800000
0,594000000
0,611000000
1,2070000000
0,1390000000
0,0.000146185
0,2900000000
0,1870000000
0,1190000000
0,7930000000
0,5450000000
0,917000000
0,1850000000
0,255000000
0,7030000000
0,4310000000
0,594000000
0,4750000000
0,1990000000
0,2870000000
0,3340000000
0,1850000000
0,419000000
0,1490000000
0,946000000
0,4350000000
0,3430000000
0,2560000000
0,0.00010255
0,2160000000
0,1730000000
0,0.000100004
0,5210000000
0,4070000000
0,3190000000
0,3970000000
0,1830000000
0,486000000
0,0.000101362
0,2480000000
0,0.000178275
0,2530000000
0,6350000000
0,0
0,0.000112058
0,700000000
0,0.00030035
0,0.000146695
0,1660000000
0,7560000000
0,1710000000
0,4890000000
0,0
0,4820000000
0,1360000000
0,0.000150769
0,3230000000
0,1660000000
0,1990000000
0,9220000000
0,0.000106116
0,165000000
0,419000000
0,3060000000
0,8100000000
0,222000000
0,0.000141092
0,1260000000
0,0.000209006
0,4790000000
0,0.000188292
0,205000000
0,8850000000
0,214000000
0,0.000273185
0,9860000000
0,0
0,8250000000
0,7010000000
0,1270000000
0,0.000111549
0,0.00021342
0,8250000000
0,0.000268091
0,8400000000
0,1660000000
1,4010000000
0,1550000000
0,2260000000
0,0.000130225
0,3510000000
0,2000000000
0,2670000000
0,6060000000
0,4470000000
0,34000000
0,1660000000
0,4010000000
0,7570000000
0,7100000000
0,424000000
0,2990000000
0,3340000000
0,3500000000
0,0.000121906
0,1430000000
0,2280000000
0,2940000000
0,9730000000
0,5090000000
0,3040000000
0,526000000
0,0.000176747
0,5250000000
0,1830000000
0,0.000163503
0,7060000000
0,4470000000
0,4790000000
0,3750000000
0,1780000000
0,5870000000
0,8910000000
0,4260000000
0,0.000219872
0,2680000000
0,8680000000
0,0
0,0.000167578
0,0.00015043
0,0.000349928
0,0.000127848
0,2680000000
0,4160000000
0,3580000000
0,2610000000
0,0.000164522
0,5450000000
0,2970000000
0,543000000
0,0.000104588
0,8370000000
0,8610000000
0,0.000101022
0,5140000000
0,0.000138715
0,3090000000
0,0.000188801
0,0
0,1320000000
0,3740000000
0,0.000104248
0,0.000147543
0,0.00018948
0,0.000114605
0,0.000129886
0,323000000
0,3750000000
0,0
0,222000000
0,968000000
0,0.000114945
0,205000000
0,577000000
0,7840000000
0,0.00011087
0,9850000000
0,4090000000
0,3920000000
0,2330000000
0,0.00014992
0,1870000000
0,7540000000
0,1490000000
0,0.000212741
0,3740000000
0,4520000000
0,0.000124283
0,7590000000
0,4040000000
0,0.000448913
0,5810000000
0,6890000000
0,7740000000
0,5040000000
0,3450000000
0,9070000000
0,4180000000
0,5420000000
0,0.00011834
0,4300000000
0,0.000123943
0,7450000000
0,1970000000
0,6470000000
0,577000000
1,0.000210194
0,2380000000
0,2340000000
0,0.000226663
0,3340000000
0,1580000000
0,1510000000
0,9640000000
0,4550000000
0,67900000
0,1580000000
0,2410000000
0,0.000130565
0,6160000000
0,458000000
0,2920000000
0,4180000000
0,3500000000
0,0.000140073
0,1440000000
0,255000000
0,362000000
0,0.000101362
0,5620000000
0,2580000000
0,0.000114266
0,0.000165201
0,5280000000
0,1410000000
0,0.00014211
0,0.000101532
0,3040000000
0,4240000000
0,4990000000
0,1430000000
0,4140000000
0,0.000111209
0,4480000000
0,0.000275392
0,2700000000
0,8170000000
0,0
0,0.000127339
0,0.000106965
0,0.000548577
0,0.000147713
0,2940000000
0,4910000000
0,4300000000
0,222000000
0,1900000000
0,73200000
0,2000000000
0,492000000
0,0.000102211
0,0.000137017
0,0.000105437
0,0.000128358
0,593000000
0,9270000000
0,2410000000
0,0.000129546
0,0
0,1090000000
0,4400000000
0,3090000000
0,0.000182519
0,0.000174709
0,0.000342287
0,0.000108832
0,4240000000
0,0
0,3850000000
0,0
0,2380000000
0,968000000
0,0.000113417
0,4400000000
0,696000000
0,5180000000
0,9410000000
0,9610000000
0,370000000
0,5180000000
0,2330000000
0,749000000
0,2500000000
0,0.000101532
0,1240000000
0,0.000193046
0,642000000
0,3970000000
0,0.000125471
0,5890000000
0,4580000000
0,0.00014262
0,4750000000
0,4210000000
0,0.000108832
0,3630000000
0,4400000000
0,9190000000
0,3230000000
0,6520000000
0,9100000000
0,3960000000
0,8400000000
0,6430000000
0,1700000000
0,4640000000
0,951000000
1,1460000000
1,3340000000
0,3340000000
0,1800000000
0,0.00014262
0,3650000000
0,1260000000
0,1820000000
0,43600000
0,50900000
0,1940000000
0,1940000000
0,0.000155354
0,4210000000
0,7760000000
0,3230000000
0,5420000000
0,3190000000
0,0.000159598
0,934000000
0,3340000000
0,3410000000
0,0.000120887
0,625000000
0,1610000000
0,0.000105606
0,0.000139733
0,0.000207648
0,1260000000
0,0.00012632
0,8830000000
0,2190000000
0,3770000000
0,8950000000
0,1780000000
0,3580000000
0,0.000131584
0,4700000000
0,0.000268431
0,3020000000
0,9120000000
0,0
0,0.000137866
0,9610000000
0,0.000581685
0,0.000164692
0,1360000000
0,5230000000
0,3010000000
0,2580000000
0,1820000000
0,0.000104927
0,1530000000
0,323000000
0,9320000000
0,0.000127509
0,0.000114775
0,9800000000
0,9190000000
0,2510000000
0,0.000122755
0,0
0,1730000000
0,6840000000
0,2580000000
0,0.000138205
0,0.00013464
0,0.000290333
0,0.000125132
0,5370000000
0,0.000111379
0,9250000000
0,0.001785293
0,0
0,2480000000
0,0
0,4410000000
0,0
0,1780000000
0,1410000000
0,0.000162994
0,424000000
0,900000000
0,954000000
0,9150000000
0,9980000000
0,3750000000
0,3340000000
0,1970000000
0,6500000000
0,1630000000
0,9270000000
0,781000000
0,0.000195593
0,8350000000
0,3070000000
0,8510000000
0,4410000000
0,6840000000
0,0.000159089
0,2820000000
0,4130000000
0,0.00016622
0,4640000000
0,3090000000
0,7450000000
0,2770000000
0,5500000000
0,0.000113756
0,428000000
0,6620000000
0,5640000000
0,1050000000
0,3280000000
0,1510000000
0,1460000000
1,5550000000
1,9920000000
0,3480000000
0,0.000240077
0,3740000000
0,3720000000
0,839000000
0,3280000000
0,4670000000
0,5890000000
0,5500000000
0,4180000000
0,7950000000
0,6720000000
0,1340000000
0,2500000000
0,486000000
0,5380000000
0,5500000000
0,5060000000
0,1630000000
0,156000000
0,263000000
0,2260000000
0,2260000000
0,4430000000
0,6400000000
0,1360000000
0,2920000000
0,5770000000
0,2890000000
0,0.000333628
0,2840000000
0,0.000931273
0,6930000000
0,4720000000
0,642000000
0,0.000122245
0,2770000000
0,0.000139054
0,0.000122415
0,0.001493772
0,79800000
0,1770000000
0,9880000000
0,8350000000
0,0
0,0.00261826
0,0.000351795
0,0.000302897
0,0
0,289000000
0,5570000000
0,0.000151958
0,1880000000
0,0.000131753
0,7910000000
0,8740000000
0,3740000000
0,951000000
0,691000000
0,3280000000
0,329000000
0,2170000000
0,2610000000
0,1040000000
0,4840000000
0,53500000
0,5480000000
0,4940000000
0,7300000000
0,6890000000
0,1140000000
0,0.000143469
0,6230000000
0,0.000130905
0,5910000000
0,0.000191348
0,5450000000
0,2940000000
0,2040000000
0,0.000155014
0,0
0,7880000000
0,469000000
0,1900000000
0,7660000000
0,4670000000
0,7270000000
0,1950000000
1,3580000000
0,4620000000
0,0.000132433
0,3870000000
0,255000000
0,6130000000
0,3680000000
0,8510000000
0,5160000000
0,6810000000
0,3500000000
0,0.000121736
0,543000000
0,1430000000
0,3550000000
0,4140000000
0,896000000
0,4520000000
0,4870000000
0,1510000000
0,1710000000
0,4840000000
0,3040000000
0,2840000000
0,362000000
0,0.000131753
0,900000000
0,2090000000
0,6300000000
0,2380000000
0,165000000
0,0.000143129
0,3110000000
0,4300000000
0,8230000000
0,0.000141431
0,593000000
0,9610000000
0,0.000186594
0,0.000449761
0,2110000000
0,0.000136168
0,7540000000
0,8290000000
0,187000000
0,3890000000
0,0.000176067
0,0.000177086
0,0
0,5330000000
0,6600000000
0,5690000000
0,1260000000
0,0
0,43600000
0,0.000142959
0,1880000000
0,0.000280655
0,0.000200517
0,0
0,0.000146864
0,0.000169616
0,492000000
0,7110000000
0,6160000000
0,4960000000
0,2610000000
0,4300000000
0,5500000000
0,2750000000
0,3850000000
0,4600000000
0,1700000000
0,1510000000
0,8170000000
0,4570000000
0,3360000000
0,2340000000
0,0.000113247
0,6320000000
0,679000000
0,0.00010323
0,8680000000
0,9920000000
0,3570000000
0,0.000105267
0,477000000
0,5140000000
0,2380000000
0,8100000000
0,0
0,5870000000
0,2770000000
0,2170000000
0,0.000103399
0,7060000000
0,4920000000
0,2770000000
1,6790000000
1,9200000000
0,3890000000
0,0.000109681
0,4140000000
0,2040000000
0,2610000000
0,4040000000
0,6450000000
0,3800000000
0,5330000000
0,4300000000
0,9930000000
0,5300000000
0,2190000000
0,4040000000
0,4090000000
0,8230000000
0,4520000000
0,5820000000
0,832000000
0,1920000000
0,3740000000
0,5540000000
0,4060000000
0,4330000000
0,0.000155184
0,679000000
0,2670000000
0,6720000000
0,2500000000
0,2360000000
0,0.000106116
0,2780000000
0,53500000
0,0.000100343
0,0.000156033
0,7470000000
0,0.000122925
0,0.00015841
0,0.000207817
0,3460000000
0,0.001105982
0,7080000000
0,8030000000
0,645000000
0,1750000000
0,0.000107304
0,0.000177935
0,5910000000
0,790000000
0,0.000111379
0,1780000000
0,1730000000
0,1900000000
0,7570000000
0,4670000000
0,0.000776428
0,0.00010255
0,0
0,5540000000
0,0.000105946
0,1870000000
0,153000000
0,0.000291182
0,5310000000
0,7440000000
0,0.000135149
0,5790000000
0,9300000000
0,0.000367246
0,6710000000
0,645000000
0,7180000000
0,6960000000
0,4350000000
0,1990000000
0,2820000000
0,5380000000
0,2970000000
0,4380000000
0,6690000000
0,1310000000
0,3770000000
0,0.000144657
0,3600000000
0,2770000000
0,1340000000
0,9290000000
0,5820000000
0,645000000
0,0.000224966
0,0.00011087
0,7760000000
0,4450000000
0,0.000120208
0,6270000000
0,3190000000
0,3020000000
0,7160000000
0,0
0,4060000000
0,2040000000
0,2410000000
0,6200000000
0,0.00014992
0,0.000121906
0,2700000000
1,419000000
1,0.000141941
0,6300000000
0,4670000000
0,3240000000
0,1550000000
0,4750000000
0,5250000000
0,8000000000
0,205000000
0,4990000000
0,3140000000
0,5940000000
0,4260000000
0,1950000000
0,968000000
0,3850000000
0,7960000000
0,3800000000
0,0.000107135
0,662000000
0,1550000000
0,3500000000
0,2850000000
0,4090000000
0,5140000000
0,806000000
0,968000000
0,2330000000
0,6840000000
0,4820000000
0,2940000000
0,7220000000
0,2700000000
0,5280000000
0,9170000000
0,0.000197291
0,0.000120717
0,0.000570818
0,7370000000
0,0.000199668
0,0.000135828
0,5280000000
0,6400000000
0,475000000
0,3450000000
0,0.000164182
0,0.000161466
0,0.000100853
0,6110000000
0,0.000100343
0,832000000
0,5010000000
0,4800000000
0,832000000
0,5700000000
0,3430000000
0,0.000116643
0,3510000000
0,642000000
0,0.000109002
0,9660000000
0,2510000000
0,458000000
0,1490000000
0,255000000
0,0.00021393
0,2160000000
0,0.00019797
0,0
0,985000000
0,6470000000
0,4820000000
0,5690000000
0,6470000000
0,4240000000
0,576000000
0,362000000
0,9200000000
0,0.000476927
0,642000000
0,424000000
0,5620000000
0,263000000
0,0.000225135
0,3920000000
0,0.000179124
0,0.000150769
0,6350000000
0,0.000437367
0,8780000000
0,0.000370132
0,0.000119529
0,0.000174709
0,0.000280825
0,9070000000
0,645000000
0,0.000163503
0,683000000
0,2730000000
0,1680000000
0,2670000000
0,6400000000
0,4470000000
0,4310000000
0,2950000000
0,312000000
0,3010000000
0,5160000000
0,255000000
0,5030000000
0,2110000000
0,3500000000
0,0.000135828
0,696000000
0,7880000000
0,1990000000
0,321000000
0,0.000121566
0,5330000000
0,3680000000
0,3450000000
0,9250000000
0,0
0,2190000000
0,3310000000
0,2440000000
0,7710000000
0,3410000000
0,3720000000
1,7230000000
1,3190000000
0,2260000000
0,4180000000
0,4800000000
0,4920000000
0,321000000
0,379000000
0,6470000000
0,5250000000
0,214000000
0,5420000000
0,4820000000
0,7810000000
0,4720000000
0,2580000000
0,1260000000
0,5080000000
0,0.000138205
0,3460000000
0,0.000113247
0,0
0,1600000000
0,3650000000
0,2290000000
0,4040000000
0,7570000000
0,9020000000
0,764000000
0,4530000000
0,6690000000
0,0.000206459
0,4300000000
0,0.00011087
0,25500000
0,8180000000
0,9170000000
0,0.000254848
0,0.000186424
0,0.000494075
0,6620000000
0,0.000299671
0,0.000179972
0,7760000000
0,6150000000
0,441000000
0,4820000000
0,0.000137356
0,0.000178275
0,0
0,3680000000
0,7080000000
0,9440000000
0,52600000
0,8780000000
0,0.000103739
0,107000000
0,700000000
0,3010000000
0,0.000155184
0,4550000000
0,1660000000
0,0.00014245
0,6080000000
0,576000000
0,594000000
0,696000000
0,1050000000
0,5860000000
0,3280000000
0,0.000178954
0,0
0,1360000000
0,7390000000
0,7150000000
0,5870000000
0,7230000000
0,5940000000
0,4090000000
0,1580000000
0,6270000000
0,0.000139054
0,5400000000
0,0.000183538
0,5090000000
0,8230000000
0,2600000000
0,0.000173181
0,3340000000
0,0.000154844
0,7840000000
0,4920000000
0,0.000125811
0,0.000121227
0,0.000319876
0,0.000190499
0,0.000100513
0,0.000182689
0,1
0,691000000
0,896000000
0,5770000000
0,0
0,6790000000
0,5720000000
0,0
0,0.000148732
0,1800000000
0,0.015885119
0,9300000000
0,747000000
0,5940000000
0,6760000000
0,0.000172502
0,0.000617
0,0.000195763
0,0.000408164
0,4640000000
0,1000000000
0,8610000000
0,963000000
0,4140000000
0,2730000000
0,798000000
0,3680000000
0,3510000000
0,3240000000
0,3890000000
0,272000000
0,584000000
0,165000000
0,1360000000
0,1710000000
0,3190000000
0,0.000170974
0,1320000000
0,6100000000
0,0.000112058
0,1320000000
0,2800000000
0,0.000139564
0,7590000000
0,156000000
0,5280000000
0,6570000000
0,0
0,2700000000
0,2580000000
0,4550000000
0,0.000174539
0,4380000000
0,4960000000
1,0.000206629
1,700000000
0,9860000000
0,4430000000
0,781000000
0,73200000
0,7160000000
0,4430000000
0,2920000000
0,7060000000
0,0.000180652
0,5640000000
0,0.000103739
0,1800000000
0,0.000576591
0,7880000000
0,9300000000
0,0.000325309
0,0.000100004
0,0
0,0.000107304
0,4520000000
0,0.000141771
0,0
0,0.000286428
0,0
0,9710000000
0,0.000374207
0,0.000279127
0,9080000000
0,0.000273524
0,8440000000
0,2290000000
0,0.000130225
0,3360000000
0,8950000000
0,0.000140243
0,0.000118001
0,9320000000
0,5650000000
0,7780000000
0,985000000
0,0.000226154
0,1410000000
0,5700000000
0,0.000167748
0,0.000136168
0,1270000000
0,0.000211043
0,3170000000
0,8080000000
0,4640000000
0,9360000000
0,0.000131074
0,8230000000
0,5010000000
0,441000000
0,3910000000
0,8200000000
0,3630000000
0,2920000000
0,0
0,115000000
0,0.000133112
0,2260000000
0,0.000108663
0,4130000000
0,1140000000
0,7280000000
0,0
0,0.000209006
0,7390000000
0,0.000360794
0,896000000
0,8010000000
0,4010000000
0,4410000000
0,0.000114435
0,0.000103569
1,1040000000
0,8300000000
0,5030000000
0,3960000000
0,0.000125132
0,0.000105776
0,2970000000
0,3040000000
0,888000000
0,0.000148223
0,6110000000
0,7790000000
0,900000000
0,0.000114775
0,7230000000
0,4790000000
0,0.000240077
0,8830000000
0,0
0,7220000000
0,6490000000
0,6060000000
0,0
0,0.000339401
0,0
0,6770000000
0,0.000114435
0,0.000250264
0,6540000000
0,0.000145846
0,4060000000
0,1990000000
0,0.000152807
0,4640000000
0,0.000117152
0,0.000105606
0,7810000000
0,0.000148732
0,683000000
0,6640000000
0,2500000000
0,0.000187783
0,312000000
0,7930000000
0,8860000000
0,0.000113586
0,0.000238718
0,4110000000
0,1040000000
0,0.000169106
0,4990000000
0,6760000000
0,5420000000
0,8540000000
0,856000000
0,486000000
0,4160000000
0,0
0,7470000000
0,5140000000
0,486000000
0,1120000000
0,1100000000
0,747000000
0,0.000152467
0,0
0,0.000173351
0,5540000000
0,1730000000
0,6520000000
0,0
0,0.000233285
0,0.000104588
0,0.000199158
0,5990000000
0,4470000000
0,6010000000
0,6040000000
0,0.000105606
0,0.000488473
1,4550000000
0,0.000149241
0,6760000000
0,0.000243133
0,7930000000
0,0.000223777
0,2700000000
0,2900000000
0,6320000000
0,6400000000
0,7810000000
0,0
0,0.000122925
0,5670000000
0,0.000100853
0,0.00033261
0,0.000145166
0,0
0,0.000108663
0,6380000000
0,0.000139733
0,0
0,0.000243812
0,8540000000
0,6060000000
0,0.000183708
0,6670000000
0,0.000153486
0,0.000127848
0,900000000
0,0.000310877
0,9150000000
0,0.000178614
0,7200000000
0,0.000128358
0,9750000000
0,0.000191857
0,3920000000
0,0.000179463
0,7230000000
0,0.000112058
0,9560000000
0,8170000000
0,0.000166899
0,0.000225475
0,6890000000
0,0.000219872
0,6300000000
0,8000000000
0,3530000000
0,323000000
0,0.000149581
0,7790000000
0,9410000000
0,4720000000
0,8610000000
0,0.000115794
0,8810000000
0,7280000000
0,0.000137187
0,0
0,7710000000
0,5810000000
0,4330000000
0,1550000000
0,0
0,1940000000
0,0.000202894
0,0
0,0.000238888
0,9070000000
0,713000000
0,0.000114266
0,0
0,0.000520053
0,0.000139564
0,0.000202894
0,7030000000
0,0.000125641
0,839000000
0,3340000000
0,4400000000
0,9980000000
0,0.000370641
1,3230000000
1,357000000
0,3970000000
0,2290000000
0,79800000
0,0
0,0
0,3170000000
0,8170000000
0,2170000000
0,3750000000
0,379000000
0,560000000
0,1390000000
0,0
0,312000000
0,0
0,2000000000
0,263000000
0,7660000000
0,1090000000
0,5620000000
0,806000000
0,362000000
0,3630000000
0,1730000000
0,2330000000
0,0.000115794
0,6670000000
0,3960000000
0,2670000000
0,1000000000
0,0.000100343
0,0.000101532
0,2940000000
0,5520000000
0,6180000000
0,8850000000
0,4820000000
0,4300000000
0,1750000000
0,9020000000
0,0.000106116
0,4060000000
0,4520000000
0,1220000000
0,3140000000
0,2560000000
0,6010000000
0,1340000000
0,2430000000
0,3140000000
0,1630000000
0,0
0,263000000
0,153000000
0,0
0,1120000000
0,222000000
0,3580000000
0,2480000000
0,1360000000
0,8120000000
0,4230000000
0,3280000000
0,0
0,4910000000
0,7220000000
0,576000000
0,0.000215118
0,6080000000
0,4940000000
0,6380000000
0,1380000000
0,362000000
0,7610000000
0,0
0,7110000000
0,0.000143638
0,5990000000
0,5770000000
0,2580000000
0,6300000000
0,5300000000
0,477000000
0,8460000000
0,79800000
0,3040000000
0,9730000000
0,1340000000
0,323000000
0,7130000000
0,119000000
0,0
0,3500000000
0,2190000000
0,815000000
0,0
0,3550000000
0,4840000000
0,0
0,0
0,3110000000
0,1700000000
0,6690000000
0,1970000000
0,2000000000
0,594000000
0,2020000000
0,419000000
0,1700000000
0,1680000000
0,0.000108493
0,2070000000
0,7560000000
0,2390000000
0,3360000000
0,323000000
0,441000000
0,1210000000
0,306000000
0,79800000
0,0.000100513
0,2950000000
0,8520000000
0,0
0,1190000000
0,6030000000
0,856000000
0,0.000185236
0,4350000000
0,6620000000
0,0
0,8170000000
0,3990000000
0,0.000131244
0,625000000
0,0.000116303
0,1040000000
0,6840000000
0,357000000
0,815000000
0,4740000000
0,3630000000
0,2260000000
0,1380000000
0,3410000000
0,0
0,5570000000
0,4530000000
0,0.000129037
0,5250000000
0,0.000128528
0,0
0,1120000000
0,968000000
0,593000000
0,419000000
0,2840000000
0,2770000000
0,6060000000
0,0.000126151
0,1920000000
0,2110000000
0,856000000
0,8250000000
0,4600000000
0,645000000
0,0
0,475000000
0,2210000000
0,0
0,1290000000
0,107000000
0,3840000000
0,3820000000
0,0.000132772
0,0
0,3920000000
0,0.000145166
0,5420000000
0,2700000000
0,0
0,1530000000
0,3400000000
0,2430000000
0,458000000
0,2280000000
1,0
1,5330000000
0,4430000000
0,594000000
0,866000000
0,1440000000
0,509000000
0,263000000
0,642000000
0,1600000000
0,883000000
0,6280000000
0,407000000
0,1530000000
0,0
0,3680000000
0,391000000
0,2280000000
0,1990000000
0,0.000103909
0,1100000000
0,4480000000
0,9920000000
0,3600000000
0,2600000000
0,4800000000
0,2700000000
0,9850000000
0,8120000000
0,3720000000
0,2650000000
0,1270000000
0,0.000129546
0,8640000000
0,2920000000
0,543000000
0,4550000000
0,8370000000
0,4640000000
0,4330000000
0,1270000000
0,9340000000
0,7160000000
0,362000000
0,4940000000
0,1220000000
0,3040000000
0,2700000000
0,5650000000
0,1050000000
0,2040000000
0,3010000000
0,3330000000
0,0
0,2850000000
0,0
0,0
0,4580000000
0,2990000000
0,4020000000
0,3800000000
0,1090000000
0,5310000000
0,5060000000
0,5940000000
0,0
0,7350000000
0,6570000000
0,9360000000
0,0.000231757
0,5160000000
0,3460000000
0,4750000000
0,165000000
0,4040000000
0,7230000000
0,0
0,6040000000
0,0.000155184
0,6280000000
0,9510000000
0,5600000000
0,5450000000
0,4090000000
0,6550000000
0,9610000000
0,900000000
0,4070000000
0,0.000100173
0,968000000
0,84900000
0,362000000
0,102000000
0,0
0,3530000000
0,2280000000
0,1710000000
0,67900000
0,3970000000
0,4410000000
0,0
0,0.00016639
0,6490000000
0,0
0,1410000000
0,0.000104588
0,0
0,2160000000
0,0
0,0.000106795
0,0
0,0
0,0.000169616
0,4800000000
0,1140000000
0,1340000000
0,441000000
0,1660000000
0,4020000000
0,0
0,2240000000
0,6450000000
0,1880000000
0,4670000000
0,2310000000
0,2600000000
0,1710000000
0,475000000
0,1100000000
0,289000000
0,1050000000
0,9810000000
0,1320000000
0,0.000103909
0,0
0,1120000000
0,2920000000
0,6980000000
0,8440000000
0,4180000000
0,4670000000
0,0
0,8120000000
0,312000000
0,0.000111379
0,4570000000
0,0.000128358
0,1430000000
0,7440000000
0,153000000
0,968000000
0,3380000000
0,4720000000
0,3070000000
0,148000000
0,5330000000
0,0
0,5280000000
0,263000000
0,0.00012649
0,2780000000
0,0.000119699
0,0
0,1320000000
0,1270000000
0,8610000000
0,5210000000
0,3040000000
0,3360000000
0,6180000000
0,9200000000
0,115000000
0,2670000000
0,2580000000
0,0.000357059
0,6080000000
0,611000000
0,0
0,289000000
0,2700000000
0,0
0,107000000
0,1140000000
0,3310000000
0,3650000000
0,0.000116303
0,0
0,4330000000
0,0.000101701
0,4650000000
0,1510000000
0,0
0,272000000
0,3630000000
0,2950000000
0,628000000
0,1680000000
1,5670000000
0,6080000000
0,458000000
0,645000000
0,3380000000
0,1220000000
0,3190000000
0,8120000000
0,1360000000
0,205000000
0,2850000000
0,458000000
0,1750000000
0,391000000
0,2530000000
0,713000000
0,1460000000
0,2260000000
0,6960000000
0,781000000
0,53500000
0,0.000122415
0,2770000000
0,6200000000
0,6040000000
0,781000000
0,0.000121736
0,7950000000
0,3230000000
0,1630000000
0,866000000
0,0.0001506
0,9220000000
0,2410000000
0,4260000000
0,4230000000
0,6660000000
0,469000000
0,3510000000
0,1780000000
0,6030000000
0,8100000000
0,3380000000
0,4620000000
0,1550000000
0,312000000
0,2600000000
0,4240000000
0,1320000000
0,3090000000
0,3360000000
0,2430000000
0,0
0,1850000000
0,187000000
0,0
0,6300000000
0,2390000000
0,4470000000
0,165000000
0,1850000000
0,5010000000
0,321000000
0,6520000000
0,0
0,7590000000
0,6270000000
0,6450000000
0,0.000288975
0,8340000000
0,3670000000
0,4330000000
0,115000000
0,3170000000
0,6180000000
0,170000000
0,4090000000
0,0.000128528
0,6040000000
0,0.000111549
0,0.00010272
0,5130000000
0,3360000000
0,0.00013481
0,0.00011868
0,815000000
0,5450000000
0,913000000
0,900000000
0,577000000
0,7110000000
0,50900000
0,0
0,5180000000
0,2890000000
0,1850000000
0,0
0,4400000000
0,6280000000
0,0
0,5030000000
0,8420000000
0,119000000
0,1870000000
0,0.000101192
0,905000000
0,205000000
0,0.000126151
0,0.000180991
0,951000000
0,5400000000
0,0.000246189
0,5180000000
0,5250000000
0,6430000000
0,3670000000
0,6490000000
0,781000000
0,662000000
0,543000000
0,1440000000
0,3010000000
0,0
0,1290000000
0,3870000000
0,1310000000
0,7520000000
0,2280000000
0,2870000000
0,985000000
0,441000000
0,1190000000
0,289000000
0,815000000
0,7690000000
0,1710000000
0,6210000000
0,0
0,679000000
0,3450000000
0,73200000
0,6380000000
0,3910000000
0,3650000000
0,0
0,913000000
0,2000000000
0,0.000143469
0,4910000000
0,9170000000
0,1170000000
0,4400000000
0,204000000
0,1020000000
0,2700000000
0,4550000000
0,3170000000
0,1900000000
0,5690000000
0,0
0,6960000000
0,1820000000
0,0.000147883
0,1260000000
0,0.000123604
0,0
0,832000000
0,645000000
0,7330000000
0,370000000
0,272000000
0,4160000000
0,7570000000
0,0.000106455
0,730000000
0,3240000000
0,2430000000
0,0.00052226
0,8130000000
0,917000000
0,0
0,0
0,3770000000
0,0
0,1020000000
0,1260000000
0,3770000000
0,3360000000
0,8610000000
0,968000000
0,4400000000
0,7220000000
0,4960000000
0,1210000000
0,0
0,222000000
0,3910000000
0,2390000000
0,560000000
0,713000000
1,2120000000
1,4990000000
1,3720000000
1,6320000000
0,0.000110021
0,543000000
0,594000000
0,5500000000
0,1170000000
0,3740000000
0,8460000000
0,1340000000
0,1850000000
0,312000000
0,84900000
0,1710000000
0,441000000
0,214000000
0,0.000137017
0,1320000000
0,3070000000
0,5250000000
0,4570000000
0,5550000000
0,0.000119529
0,2840000000
0,9590000000
0,2870000000
0,204000000
0,0.000146185
0,8860000000
0,2940000000
0,1510000000
0,968000000
0,0.000169446
0,1320000000
0,3750000000
0,4670000000
0,6430000000
0,4140000000
0,3940000000
0,2510000000
0,0.000136338
0,7860000000
0,2940000000
0,4180000000
0,1940000000
0,4350000000
0,2480000000
0,53500000
0,1750000000
0,2440000000
0,3800000000
0,2210000000
0,0
0,1050000000
0,424000000
0,0
0,1830000000
0,2280000000
0,3360000000
0,1870000000
0,2840000000
0,3740000000
0,2500000000
0,8490000000
0,0
0,5250000000
0,6040000000
0,6720000000
0,0.00025315
0,3070000000
0,3840000000
0,205000000
0,1870000000
0,4180000000
0,4580000000
0,102000000
0,321000000
0,0.000132433
0,4640000000
0,8400000000
0,8810000000
0,6980000000
0,3240000000
0,0.000117322
0,0.0001506
0,747000000
0,7180000000
0,7180000000
0,679000000
0,1020000000
0,7110000000
0,50900000
0,0
0,7050000000
0,4640000000
0,2870000000
0,4260000000
0,790000000
0,3550000000
0,0
0,0.000107644
0,8680000000
0,238000000
0,1270000000
0,740000000
0,0.0001579
0,2800000000
0,0.000128188
0,0.000138715
0,214000000
0,6670000000
0,0.000461816
0,5250000000
0,0
0,4010000000
0,5860000000
0,2900000000
0,4920000000
0,2310000000
0,5180000000
0,1530000000
0,1340000000
0,6470000000
0,5720000000
0,1290000000
0,509000000
0,883000000
0,1390000000
0,2440000000
0,2390000000
0,1020000000
0,3960000000
0,1090000000
0,9290000000
0,2390000000
0,2290000000
0,968000000
0,594000000
0,2750000000
0,340000000
0,628000000
0,7180000000
0,2870000000
0,6380000000
0,0
0,407000000
0,1530000000
0,6930000000
0,0.000189311
0,3550000000
0,3510000000
0,0
0,8250000000
0,272000000
0,0.000100683
0,3990000000
0,5670000000
0,764000000
0,3550000000
0,27200000
0,781000000
0,1920000000
0,3530000000
0,2650000000
0,428000000
0,6270000000
0,0
0,8370000000
0,2340000000
0,0.000174709
0,1170000000
0,0.000132433
0,0
0,1020000000
0,662000000
0,700000000
0,3870000000
0,3630000000
0,4210000000
0,6430000000
0,0.000111379
0,611000000
0,3460000000
0,3570000000
0,0.000370811
0,9240000000
0,1140000000
0,0
0,0
0,4570000000
0,1460000000
0,849000000
0,1210000000
0,362000000
0,321000000
0,8740000000
0,543000000
0,8900000000
0,6350000000
0,1390000000
0,84900000
0,2680000000
0,2600000000
0,3060000000
0,52600000
0,866000000
1,713000000
0,0.000100343
0,951000000
0,357000000
0,0.000450101
0,2090000000
0,1260000000
0,5130000000
0,2280000000
0,1270000000
0,1830000000
0,3670000000
0,50900000
0,1870000000
0,611000000
0,2000000000
0,0.000445347
0,148000000
0,4010000000
0,6160000000
0,9850000000
0,6660000000
0,9510000000
0,3310000000
0,4240000000
0,2240000000
0,153000000
0,9070000000
0,8270000000
0,2900000000
0,2310000000
0,1020000000
0,0.000162824
0,1050000000
0,4750000000
0,5250000000
0,6860000000
0,3890000000
0,4500000000
0,4330000000
0,0.000143808
0,9360000000
0,3140000000
0,5010000000
0,1770000000
0,4700000000
0,2870000000
0,6980000000
0,2920000000
0,2990000000
0,3720000000
0,4520000000
0,0
0,900000000
0,730000000
0,0
0,1310000000
0,2330000000
0,4040000000
0,1550000000
0,2670000000
0,6080000000
0,2190000000
0,9470000000
0,0
0,3450000000
0,7270000000
0,7230000000
0,0.000295257
0,1380000000
0,419000000
0,1610000000
0,3070000000
0,3750000000
0,4990000000
0,0
0,2990000000
0,0.000118171
0,486000000
0,0.000116133
0,9900000000
0,7950000000
0,4410000000
0,0.000105606
0,0.000166559
0,900000000
0,7960000000
0,9000000000
0,934000000
0,951000000
0,6520000000
0,119000000
0,985000000
0,6110000000
0,0.00017437
0,1950000000
0,6880000000
0,3550000000
0,2290000000
0,0
0,0.000136677
0,441000000
0,79800000
0,0.000220551
0,2950000000
0,0.000133791
0,642000000
0,1290000000
0,9270000000
0,6180000000
0,0
0,0.000179633
0,6430000000
0,115000000
0,6550000000
0,156000000
0,2510000000
0,1020000000
0,2670000000
0,5400000000
0,0.000231927
0,312000000
0,2160000000
0,0.000186594
0,934000000
0,0.00011885
0,5620000000
0,968000000
0,221000000
0,2560000000
0,2160000000
0,1440000000
0,866000000
0,1710000000
0,428000000
0,1210000000
0,8440000000
0,2440000000
0,2110000000
0,917000000
0,900000000
0,1580000000
0,458000000
0,1100000000
0,6350000000
0,5640000000
0,7500000000
0,0
0,543000000
0,107000000
0,5030000000
0,0.000154335
0,3170000000
0,3680000000
0,0
0,8790000000
0,3230000000
0,8220000000
0,4070000000
0,3580000000
0,900000000
0,2730000000
0,289000000
0,696000000
0,3310000000
0,3430000000
0,3720000000
0,0.000101362
0,5520000000
0,0
0,5870000000
0,2610000000
0,0.000133451
0,679000000
0,0.000141261
0,0
0,1000000000
0,679000000
0,7590000000
0,3240000000
0,4380000000
0,4020000000
0,5820000000
0,0.000174709
0,1050000000
0,4670000000
0,0.000912936
0,4260000000
0,107000000
0,0
0,0
0,5540000000
0,1410000000
0,883000000
0,1320000000
0,4620000000
0,3450000000
0,9150000000
0,543000000
0,5690000000
0,8370000000
0,1730000000
0,204000000
0,3580000000
0,2360000000
0,4620000000
0,747000000
0,832000000
1,611000000
0,17000000
0,1340000000
0,27200000
0,1270000000
0,2240000000
0,441000000
0,0
0,391000000
0,645000000
0,0
0,25500000
0,0.000158919
0,0
0,2020000000
0,1820000000
0,0
0,458000000
0,0
0,2170000000
0,1490000000
0,340000000
0,2460000000
0,1950000000
0,0
0,2480000000
0,0
0,1900000000
0,136000000
0,0
0,0
0,0
0,1380000000
0,1220000000
0,34000000
0,34000000
0,0
0,289000000
0,2190000000
0,1990000000
0,0
0,475000000
0,0
0,1210000000
0,0
0,119000000
0,0
0,3090000000
0,153000000
1,0
0,0
0,968000000
0,25500000
0,0
0,458000000
0,221000000
0,0
0,815000000
0,0
0,475000000
0,7620000000
0,0
0,3750000000
0,1390000000
0,0
0,0
0,1220000000
0,370000000
0,441000000
0,205000000
0,1920000000
0,662000000
0,1490000000
0,696000000
0,214000000
0,3020000000
0,3010000000
0,0.000135149
0,0
0,0
0,0
0,0
0,1020000000
0,0
0,0
0,0
0,713000000
0,3570000000
0,0
0,0
0,1390000000
0,0
0,2310000000
0,0
0,0
0,0
0,102000000
0,84900000
1,2920000000
1,5550000000
0,428000000
0,5380000000
0,5980000000
0,0
0,0.000106625
0,3380000000
0,3510000000
0,0.000824817
0,0.000312575
0,9590000000
0,0.000135659
0,2850000000
0,0.000157221
0,0.000250094
0,4620000000
0,4800000000
0,0.000227852
0,0.000967946
0,0.000175388
0,3160000000
0,0.00034008
0,0.0002686
0,0.00053788
0,4790000000
0,1440000000
0,5230000000
0,1940000000
0,645000000
0,2900000000
0,0.00141601
0,6740000000
0,2090000000
0,2120000000
0,2460000000
0,0.000610548
0,0
0,2990000000
0,4110000000
0,4240000000
0,374000000
0,0.000184557
1,6660000000
0,4530000000
0,7180000000
0,5010000000
0,0
0,0.000101362
0,5040000000
0,3970000000
0,0.000487624
0,0.000599003
0,8630000000
0,0.000204422
0,6110000000
0,0.000107983
0,0.000257564
0,5140000000
0,3020000000
0,0.001354717
0,0.001071006
0,0.000441102
0,0.000746546
0,0.000224966
0,4330000000
0,0.000287786
0,0.000204761
0,0.000548407
0,4750000000
0,1630000000
0,4620000000
0,730000000
0,0
0,5030000000
0,0.000582703
0,6450000000
0,2380000000
0,3380000000
0,1460000000
0,0.000892731
0,0
0,5310000000
0,2730000000
0,5280000000
0,323000000
0,0.000133282
1,0.000573535
1,1970000000
1,2410000000
0,0.000101701
0,0.000136168
0,0.000138715
0,0
0,0.000128018
0,6600000000
0,419000000
0,0.000299501
0,0.000435839
0,7270000000
0,0.000156882
0,362000000
0,0.000163673
0,0.00020595
0,5700000000
0,3910000000
0,0.000211213
0,0.000636016
0,79800000
0,0.000161296
0,0.000775749
0,0.000283542
0,6370000000
0,0.000362662
0,0.000241095
0,0.000455364
0,7670000000
0,0
0,4740000000
0,815000000
0,0
0,2990000000
0,0.00059306
0,7280000000
0,2650000000
0,3060000000
0,2070000000
0,0.000522769
0,0
0,2990000000
0,3090000000
0,6080000000
0,424000000
0,0.000123264
1,0
0,0.000161636
0,0.000127169
0,0
0,0.000125981
0,7570000000
0,4300000000
0,0.000334817
0,0.000400184
0,6670000000
0,0.000169106
0,0
0,0.000201365
0,0.000211553
0,5770000000
0,3570000000
0,0.000232776
0,0.000471324
0,2460000000
0,0.00018982
0,0
0,9980000000
0,0.000770995
0,0.000266393
0,4020000000
0,0.000479134
0,0.000204761
0,0.000429387
0,7420000000
0,0
0,3070000000
0,221000000
0,0
0,3260000000
0,0.000563857
0,8350000000
0,2940000000
0,4990000000
0,2580000000
0,0.000641449
0,0
0,4180000000
0,2670000000
0,53500000
0,323000000
0,0.000102211
1,0.000116303
0,73200000
0,8630000000
0,0
0,0.000112058
0,9830000000
0,329000000
0,0.000300181
0,0.000454515
0,0.000117152
0,8640000000
0,0
0,0.000157561
0,0.000335326
0,5400000000
0,0.0004664
0,0.000781862
0,2160000000
0,0.000390846
0,0
0,0
0,0
0,0
0,5090000000
0,0.000385413
0,0.000391016
0,2820000000
0,0.000487963
0,0.000273185
0,0.000370981
0,7860000000
0,0
0,1510000000
0,238000000
0,0
0,2840000000
0,0.000340929
0,995000000
0,3430000000
0,4720000000
0,3550000000
0,0.000521071
0,0
0,6690000000
0,1780000000
0,5740000000
0,238000000
0,6490000000
0,8850000000
1,1880000000
1,0
1,0
0,1210000000
0,6010000000
0,1040000000
0,5420000000
0,0.000203742
0,5890000000
0,0
0,8630000000
0,340000000
0,5180000000
0,9930000000
0,0
0,0.00010306
0,4790000000
0,3820000000
0,0.000145846
0,6620000000
0,0.000196102
0,0.000182689
0,730000000
0,0.000103399
0,6570000000
0,985000000
0,0.000429897
0,0
0,153000000
0,3190000000
0,0.000231757
0,2800000000
0,6430000000
0,5330000000
0,5910000000
0,6980000000
0,8830000000
0,2440000000
0,1490000000
0,0.000161466
0,5040000000
0,4140000000
0,577000000
0,5810000000
0,3600000000
0,642000000
0,2280000000
0,0.000138715
0,0.000157221
0,1770000000
0,0.000130905
0,0.000412069
0,3960000000
0,7390000000
0,0.000103909
0,7150000000
0,5280000000
0,0.000106116
0,0.000101362
0,2770000000
0,0.000111549
0,1460000000
0,0
0,0.000140582
0,5790000000
0,52600000
0,475000000
0,0
0,3010000000
0,2000000000
0,0.000225815
0,0.000139733
0,1630000000
0,2510000000
0,419000000
0,3820000000
0,5280000000
0,5200000000
0,7520000000
0,4790000000
0,4960000000
0,0.000173351
0,4350000000
0,5160000000
0,2070000000
0,0.000141941
0,0.000282862
0,3190000000
1,0
0,1050000000
0,730000000
0,883000000
0,0.000181501
0,379000000
0,0
0,7100000000
0,1020000000
0,0.000153146
0,0
0,0.000146695
0,428000000
0,4020000000
0,0.000131584
0,7050000000
0,0.00024517
0,0.000146355
0,0.000113417
0,379000000
0,52600000
0,0.001086457
0,5550000000
0,0
0,0.00023753
0,0.000105776
0,3990000000
0,6660000000
0,6500000000
0,4820000000
0,4600000000
0,4600000000
0,4480000000
0,1800000000
0,2890000000
0,0.000143129
0,3010000000
0,6550000000
0,391000000
0,4740000000
0,3680000000
0,4700000000
0,0.000122245
0,6110000000
0,0.000295766
0,0.000164522
0,1710000000
0,4940000000
0,0.000257395
0,0.000114775
0,6370000000
0,3340000000
0,7560000000
0,5090000000
0,8980000000
0,0.000108832
0,1970000000
0,0.000145166
0,0.00012649
0,187000000
0,0.00018965
0,0.000165711
0,4650000000
0,832000000
0,0
0,0.000187273
0,1310000000
0,0
0,238000000
0,0
0,238000000
0,3140000000
0,0.000368604
0,0.000176747
0,2190000000
0,3750000000
0,3280000000
0,4720000000
0,6210000000
0,3770000000
0,8030000000
0,6010000000
0,1320000000
0,4620000000
0,0.000130565
0,7030000000
0,4500000000
0,1440000000
0,0.000103909
0,2510000000
0,0
